Actuator #,Row (64),Column (64),Bondpad # (Chip),Bondpad # (AWB),AWB Side,Bond Finger # (AWB),Meg-Array,Flex Samtec (AWB) 
1,1,19,1055,545,A,545,F-D43,1A-H24
2,1,20,1060,550,A,550,B-K40,1B-H2
3,1,21,1065,555,A,555,F-G41,1B-C19
4,1,22,559,305,A,305,F-G32,1B-C1
5,1,23,1076,566,A,566,F-J44,1B-G29
6,1,24,1082,572,A,572,B-L15,1B-K13
7,1,25,1088,578,A,578,F-M44,1B-H30
8,1,26,1596,830,A,830,F-F39,1A-H15
9,1,27,1602,836,A,836,B-K11,1B-D6
10,1,28,1608,842,A,842,F-H35,1B-C8
11,1,29,82,83,A,83,F-L36,1B-H13
12,1,30,1619,853,A,853,F-K30,1B-G25
13,1,31,1624,858,A,858,B-G32,1B-C1
14,1,32,1629,863,A,863,F-K24,1B-G19
15,2,16,531,277,A,277,F-H21,1B-A20
16,2,17,1554,788,A,788,F-J22,1B-G17
17,2,18,539,285,A,285,F-G24,1B-A23
18,2,19,31,32,A,32,B-L42,1B-H25
19,2,20,36,37,A,37,B-K28,1B-G23
20,2,21,41,42,A,42,B-K25,1B-G20
21,2,22,1578,812,A,812,F-H42,1B-C22
22,2,23,52,53,A,53,B-G38,1B-C13
23,2,24,58,59,A,59,B-K17,1B-D12
24,2,25,64,65,A,65,B-B43,1A-G28
25,2,26,577,323,A,323,B-K13,1B-D8
26,2,27,583,329,A,329,B-M43,1B-H28
27,2,28,589,335,A,335,B-K9,1B-F4
28,2,29,1106,596,A,596,F-J33,1B-E28
29,2,30,600,346,A,346,B-E33,1A-K29
30,2,31,605,351,A,351,B-B38,1A-C16
31,2,32,610,356,A,356,B-F31,1A-J27
32,2,33,102,103,A,103,F-L26,1B-J24
33,2,34,1130,620,A,620,F-L24,1B-J22
34,2,35,110,111,A,111,F-L22,1B-K20
35,3,14,12,13,A,13,B-J37,1B-D29
36,3,15,15,16,A,16,B-H43,1B-C24
37,3,16,1550,784,A,784,F-B41,1A-C22
38,3,17,1046,536,A,536,F-B42,1A-C24
39,3,18,1558,792,A,792,F-C42,1A-H6
40,3,19,543,289,A,289,B-K31,1B-G26
41,3,20,548,294,A,294,F-H27,1B-B26
42,3,21,553,299,A,299,B-A7,1A-A7
43,3,22,1070,560,A,560,B-H39,1B-C16
44,3,23,564,310,A,310,B-L20,1B-K18
45,3,24,570,316,A,316,F-G36,1B-C9
46,3,25,576,322,A,322,B-J13,1B-G8
47,3,26,65,66,A,66,B-C43,1A-G27
48,3,27,71,72,A,72,F-L39,1B-H19
49,3,28,77,78,A,78,B-A41,1A-C21
50,3,29,1614,848,A,848,B-H35,1B-C8
51,3,30,88,89,A,89,B-B39,1A-C18
52,3,31,93,94,A,94,F-M31,1B-K29
53,3,32,98,99,A,99,B-B37,1A-C14
54,3,33,1126,616,A,616,F-K21,1B-D16
55,3,34,1638,872,A,872,F-K17,1B-D12
56,3,35,1134,624,A,624,F-K13,1B-D8
57,3,36,626,372,A,372,B-G27,1B-A26
58,3,37,629,375,A,375,B-A33,1A-C5
59,4,12,519,265,A,265,F-H17,1B-A16
60,4,13,9,10,A,10,B-G42,1B-C21
61,4,14,524,270,A,270,F-G19,1B-B18
62,4,15,527,273,A,273,B-J36,1B-D30
63,4,16,1042,532,A,532,B-J44,1B-G29
64,4,17,22,23,A,23,B-A43,1A-C25
65,4,18,1050,540,A,540,B-L44,1B-H29
66,4,19,1562,796,A,796,F-H25,1B-B24
67,4,20,1567,801,A,801,F-E43,1A-H23
68,4,21,1572,806,A,806,F-G30,1B-A29
69,4,22,46,47,A,47,B-L23,1B-J21
70,4,23,1583,817,A,817,F-F34,1A-J30
71,4,24,1589,823,A,823,F-L41,1B-H23
72,4,25,1595,829,A,829,F-F40,1A-H17
73,4,26,1089,579,A,579,F-J40,1B-H1
74,4,27,1095,585,A,585,F-H38,1B-C14
75,4,28,1101,591,A,591,F-J37,1B-D29
76,4,29,595,341,A,341,B-B40,1A-C20
77,4,30,1112,602,A,602,F-L33,1B-H7
78,4,31,1117,607,A,607,F-K27,1B-G22
79,4,32,1122,612,A,612,F-L28,1B-J26
80,4,33,1634,868,A,868,B-E29,1A-J26
81,4,34,619,365,A,365,B-E28,1A-K25
82,4,35,1642,876,A,876,B-E27,1A-J25
83,4,36,114,115,A,115,B-C34,1A-E30
84,4,37,117,118,A,118,F-M19,1B-J17
85,4,38,632,378,A,378,B-J26,1B-D21
86,4,39,122,123,A,123,F-L16,1B-K14
87,5,11,1536,770,B,770,F-J16,1B-G11
88,5,12,1538,772,A,772,F-B38,1A-C16
89,5,13,521,267,A,267,B-K38,1B-C28
90,5,14,1543,777,A,777,F-C39,1A-H1
91,5,15,1546,780,A,780,F-G20,1B-B19
92,5,16,18,19,A,19,B-J35,1B-E30
93,5,17,534,280,A,280,B-K34,1B-F29
94,5,18,26,27,A,27,B-L33,1B-H7
95,5,19,1054,544,A,544,F-D42,1A-H22
96,5,20,1059,549,A,549,B-L29,1B-J27
97,5,21,1064,554,A,554,F-F44,1A-H27
98,5,22,558,304,A,304,F-F32,1A-J28
99,5,23,1075,565,A,565,F-J43,1B-G27
100,5,24,1081,571,A,571,B-L17,1B-K15
101,5,25,1087,577,A,577,F-M43,1B-H28
102,5,26,1597,831,A,831,F-F38,1A-H13
103,5,27,1603,837,A,837,B-H10,1B-A9
104,5,28,1609,843,A,843,F-K35,1B-F30
105,5,29,83,84,A,84,F-M36,1B-H14
106,5,30,1620,854,A,854,F-J30,1B-D25
107,5,31,1625,859,A,859,B-F32,1A-J28
108,5,32,1630,864,A,864,F-K25,1B-G20
109,5,33,615,361,A,361,B-B36,1A-C12
110,5,34,107,108,A,108,B-A35,1A-C9
111,5,35,623,369,A,369,B-M35,1B-H12
112,5,36,1138,628,A,628,F-L20,1B-K18
113,5,37,1141,631,A,631,F-L10,1B-K8
114,5,38,120,121,A,121,B-D33,1A-F29
115,5,39,1146,636,A,636,F-L9,1B-K7
116,5,40,1148,638,A,638,F-L15,1B-K13
117,6,9,514,260,A,260,B-E43,1A-H23
118,6,10,3,4,A,4,B-K39,1B-C27
119,6,11,1028,518,A,518,F-D37,1A-C28
120,6,12,1030,520,A,520,B-C44,1A-G29
121,6,13,1540,774,A,774,F-G18,1B-B17
122,6,14,1035,525,A,525,B-G41,1B-C19
123,6,15,1038,528,A,528,F-B40,1A-C20
124,6,16,530,276,A,276,F-G21,1B-B20
125,6,17,1553,787,A,787,F-H22,1B-A21
126,6,18,538,284,A,284,F-J23,1B-D18
127,6,19,30,31,A,31,B-J41,1B-H3
128,6,20,35,36,A,36,B-K29,1B-G24
129,6,21,40,41,A,41,B-E39,1A-H16
130,6,22,1577,811,A,811,F-H41,1B-C20
131,6,23,51,52,A,52,B-K20,1B-D15
132,6,24,57,58,A,58,B-L18,1B-K16
133,6,25,63,64,A,64,B-H12,1B-A11
134,6,26,578,324,A,324,B-E37,1A-H12
135,6,27,584,330,A,330,B-A42,1A-C23
136,6,28,590,336,A,336,B-G36,1B-C9
137,6,29,1107,597,A,597,F-K32,1B-F27
138,6,30,601,347,A,347,B-F33,1A-J29
139,6,31,606,352,A,352,B-C38,1A-D27
140,6,32,611,357,A,357,B-E30,1A-K26
141,6,33,103,104,A,104,F-M26,1B-K24
142,6,34,1131,621,A,621,F-M24,1B-K22
143,6,35,111,112,A,112,F-M22,1B-J20
144,6,36,1646,880,A,880,F-M12,1B-J10
145,6,37,1649,883,A,883,B-G26,1B-A25
146,6,38,1144,634,A,634,F-L17,1B-K15
147,6,39,1654,888,A,888,B-E24,1A-K23
148,6,40,1656,890,A,890,F-K8,1B-F3
149,6,41,638,384,A,384,B-M32,1B-K30
150,6,42,127,128,A,128,B-A31,1A-C1
151,7,8,1,2,A,2,B-J39,1B-D27
152,7,9,1533,767,B,767,F-J15,1B-G10
153,7,10,515,261,A,261,F-G16,1B-B15
154,7,11,4,5,A,5,B-B44,1A-G30
155,7,12,6,7,A,7,B-F43,1A-H28
156,7,13,1032,522,A,522,F-D38,1A-C27
157,7,14,11,12,A,12,B-L38,1B-H17
158,7,15,14,15,A,15,B-G44,1B-C25
159,7,16,1549,783,A,783,F-A41,1A-C21
160,7,17,1045,535,A,535,F-A44,1A-C26
161,7,18,1557,791,A,791,F-C41,1A-H5
162,7,19,542,288,A,288,B-J31,1B-D26
163,7,20,547,293,A,293,F-G27,1B-A26
164,7,21,552,298,A,298,B-L26,1B-J24
165,7,22,1069,559,A,559,B-K23,1B-G18
166,7,23,563,309,A,309,B-D8,1A-G4
167,7,24,569,315,A,315,F-F36,1A-H9
168,7,25,575,321,A,321,B-K14,1B-D9
169,7,26,66,67,A,67,B-G37,1B-C11
170,7,27,72,73,A,73,F-M39,1B-H20
171,7,28,78,79,A,79,B-B41,1A-C22
172,7,29,1615,849,A,849,B-E34,1A-K30
173,7,30,89,90,A,90,B-C39,1A-H1
174,7,31,94,95,A,95,F-L30,1B-J28
175,7,32,99,100,A,100,B-C37,1A-D28
176,7,33,1127,617,A,617,F-K18,1B-D13
177,7,34,1639,873,A,873,F-K14,1B-D9
178,7,35,1135,625,A,625,F-L12,1B-K10
179,7,36,627,373,A,373,B-E26,1A-K24
180,7,37,630,376,A,376,B-B33,1A-C6
181,7,38,1652,886,A,886,F-M10,1B-J8
182,7,39,635,381,A,381,B-B32,1A-C4
183,7,40,637,383,A,383,B-H24,1B-B23
184,7,41,126,127,A,127,F-L14,1B-K12
185,7,42,1151,641,A,641,F-M14,1B-J12
186,7,43,640,386,A,386,B-B31,1A-C2
187,8,7,1024,514,B,514,E-M43,1B-H28
188,8,8,513,259,A,259,E-M40,1B-H22
189,8,9,1025,515,A,515,F-A37,1A-C13
190,8,10,1534,768,B,768,F-B37,1A-C14
191,8,11,516,262,A,262,B-E41,1A-H19
192,8,12,518,264,A,264,F-G17,1B-B16
193,8,13,8,9,A,9,B-D44,1A-H26
194,8,14,523,269,A,269,F-J18,1B-G13
195,8,15,526,272,A,272,B-L37,1B-H15
196,8,16,1041,531,A,531,B-H42,1B-C22
197,8,17,21,22,A,22,B-J43,1B-G27
198,8,18,1049,539,A,539,B-K43,1B-G28
199,8,19,1561,795,A,795,F-G25,1B-A24
200,8,20,1566,800,A,800,F-E42,1A-H21
201,8,21,1571,805,A,805,F-H29,1B-B28
202,8,22,45,46,A,46,B-B7,1A-B7
203,8,23,1582,816,A,816,F-H33,1B-C4
204,8,24,1588,822,A,822,F-K44,1B-G30
205,8,25,1594,828,A,828,F-F37,1A-H11
206,8,26,1090,580,A,580,F-K40,1B-H2
207,8,27,1096,586,A,586,F-H39,1B-C16
208,8,28,1102,592,A,592,F-K37,1B-C29
209,8,29,596,342,A,342,B-C40,1A-H3
210,8,30,1113,603,A,603,F-M33,1B-H8
211,8,31,1118,608,A,608,F-J27,1B-D22
212,8,32,1123,613,A,613,F-M28,1B-K26
213,8,33,1635,869,A,869,B-J30,1B-D25
214,8,34,620,366,A,366,B-J29,1B-D24
215,8,35,1643,877,A,877,B-J28,1B-D23
216,8,36,115,116,A,116,B-D34,1A-F30
217,8,37,118,119,A,119,F-L18,1B-K16
218,8,38,633,379,A,379,B-H25,1B-B24
219,8,39,123,124,A,124,F-M16,1B-J14
220,8,40,125,126,A,126,B-D32,1A-F28
221,8,41,1150,640,A,640,F-M8,1B-J6
222,8,42,1659,893,A,893,F-M7,1B-J5
223,8,43,128,129,A,129,B-J6,1B-A6
224,8,44,641,387,A,387,B-G23,1B-A22
225,9,6,1023,513,B,513,E-M39,1B-H20
226,9,7,2040,1018,B,1018,A-D32,1A-F28
227,9,8,1532,766,B,766,A-D31,1A-F27
228,9,9,512,258,B,258,B-E42,1A-H21
229,9,10,1026,516,A,516,B-A44,1A-C26
230,9,11,1535,769,B,769,F-H16,1B-A15
231,9,12,1537,771,A,771,F-A38,1A-C15
232,9,13,520,266,A,266,B-F41,1A-H30
233,9,14,1542,776,A,776,F-B39,1A-C18
234,9,15,1545,779,A,779,F-J19,1B-G14
235,9,16,17,18,A,18,B-L36,1B-H13
236,9,17,533,279,A,279,B-J34,1B-E29
237,9,18,25,26,A,26,B-K33,1B-F28
238,9,19,1053,543,A,543,F-D41,1A-H20
239,9,20,1058,548,A,548,B-J40,1B-H1
240,9,21,1063,553,A,553,F-F43,1A-H28
241,9,22,557,303,A,303,F-H31,1B-B30
242,9,23,1074,564,A,564,F-J42,1B-H5
243,9,24,1080,570,A,570,B-K16,1B-D11
244,9,25,1086,576,A,576,F-M42,1B-H26
245,9,26,1598,832,A,832,F-G40,1B-C17
246,9,27,1604,838,A,838,B-J10,1B-G5
247,9,28,1610,844,A,844,F-J35,1B-E30
248,9,29,84,85,A,85,F-L35,1B-H11
249,9,30,1621,855,A,855,F-K29,1B-G24
250,9,31,1626,860,A,860,B-E31,1A-K27
251,9,32,1631,865,A,865,F-K22,1B-D17
252,9,33,616,362,A,362,B-C36,1A-D29
253,9,34,108,109,A,109,B-B35,1A-C10
254,9,35,624,370,A,370,B-A34,1A-C7
255,9,36,1139,629,A,629,F-M20,1B-J18
256,9,37,1142,632,A,632,F-K10,1B-D5
257,9,38,121,122,A,122,B-M33,1B-H8
258,9,39,1147,637,A,637,F-L8,1B-K6
259,9,40,1149,639,A,639,F-M15,1B-J13
260,9,41,1658,892,A,892,B-E23,1A-J23
261,9,42,129,131,A,131,B-J24,1B-D19
262,9,43,1152,642,A,642,F-M5,1B-J3
263,9,44,1660,894,A,894,F-M3,1B-J2
264,9,45,642,388,A,388,B-J23,1B-D18
265,10,6,1022,512,B,512,E-M44,1B-H30
266,10,7,2039,1017,B,1017,E-M41,1B-H24
267,10,8,1531,765,B,765,A-G33,1B-C3
268,10,9,511,257,B,257,A-F31,1A-J27
269,10,10,2,3,A,3,E-M42,1B-H26
270,10,11,1027,517,A,517,F-C37,1A-D28
271,10,12,1029,519,A,519,B-F42,1A-H29
272,10,13,1539,773,A,773,F-J17,1B-G12
273,10,14,1034,524,A,524,B-E44,1A-H25
274,10,15,1037,527,A,527,F-A40,1A-C19
275,10,16,529,275,A,275,F-J20,1B-G15
276,10,17,1552,786,A,786,F-G22,1B-B21
277,10,18,537,283,A,283,F-H23,1B-B22
278,10,19,29,30,A,30,B-J42,1B-H5
279,10,20,34,35,A,35,B-L30,1B-J28
280,10,21,39,40,A,40,B-K26,1B-G21
281,10,22,1576,810,A,810,F-G44,1B-C25
282,10,23,50,51,A,51,B-H38,1B-C14
283,10,24,56,57,A,57,B-E7,1A-J7
284,10,25,62,63,A,63,B-J12,1B-G7
285,10,26,579,325,A,325,B-F37,1A-H11
286,10,27,585,331,A,331,B-B42,1A-C24
287,10,28,591,337,A,337,B-H36,1B-C10
288,10,29,1108,598,A,598,F-J32,1B-E27
289,10,30,602,348,A,348,B-G33,1B-C3
290,10,31,607,353,A,353,B-D38,1A-C27
291,10,32,612,358,A,358,B-H31,1B-B30
292,10,33,104,105,A,105,F-L25,1B-J23
293,10,34,1132,622,A,622,F-L23,1B-J21
294,10,35,112,113,A,113,F-L21,1B-K19
295,10,36,1647,881,A,881,F-M11,1B-J9
296,10,37,1650,884,A,884,B-E25,1A-J24
297,10,38,1145,635,A,635,F-M17,1B-J15
298,10,39,1655,889,A,889,B-J25,1B-D20
299,10,40,1657,891,A,891,F-L7,1B-K5
300,10,41,639,385,A,385,B-H23,1B-B22
301,10,42,130,132,A,132,F-M6,1B-J4
302,10,43,1153,643,A,643,F-M1,1B-J1
303,10,44,1661,895,A,895,B-H7,1B-A7
304,10,45,643,389,A,389,B-E22,1A-J22
305,11,5,2037,1015,B,1015,A-E33,1A-K29
306,11,6,1529,763,B,763,A-G30,1B-A29
307,11,7,509,255,B,255,E-L43,1B-H27
308,11,8,1021,511,B,511,E-L40,1B-H21
309,11,9,2038,1016,B,1016,A-F33,1A-J29
310,11,10,1530,764,B,764,A-E31,1A-K27
311,11,11,510,256,B,256,B-E40,1A-H18
312,11,12,5,6,A,6,B-L39,1B-H19
313,11,13,1031,521,A,521,F-C38,1A-D27
314,11,14,10,11,A,11,B-G43,1B-C23
315,11,15,13,14,A,14,B-G40,1B-C17
316,11,16,1548,782,A,782,F-D40,1A-H4
317,11,17,1044,534,A,534,F-A43,1A-C25
318,11,18,1556,790,A,790,F-B44,1A-G30
319,11,19,541,287,A,287,B-L32,1B-J30
320,11,20,546,292,A,292,F-H26,1B-B25
321,11,21,551,297,A,297,B-A8,1A-A8
322,11,22,1068,558,A,558,B-G39,1B-C15
323,11,23,562,308,A,308,B-L21,1B-K19
324,11,24,568,314,A,314,F-G35,1B-C7
325,11,25,574,320,A,320,B-J14,1B-G9
326,11,26,67,68,A,68,B-F36,1A-H9
327,11,27,73,74,A,74,F-J38,1B-D28
328,11,28,79,80,A,80,B-C41,1A-H5
329,11,29,1616,850,A,850,B-F34,1A-J30
330,11,30,90,91,A,91,B-D39,1A-H2
331,11,31,95,96,A,96,F-M30,1B-K28
332,11,32,100,101,A,101,B-D37,1A-C28
333,11,33,1128,618,A,618,F-K19,1B-D14
334,11,34,1640,874,A,874,F-K15,1B-D10
335,11,35,1136,626,A,626,F-M13,1B-J11
336,11,36,628,374,A,374,B-J27,1B-D22
337,11,37,631,377,A,377,B-C33,1A-E29
338,11,38,1653,887,A,887,F-M9,1B-J7
339,11,39,636,382,A,382,B-C32,1A-E28
340,11,40,131,133,A,133,B-G24,1B-A23
341,11,41,1154,644,A,644,F-M4,1B-K2
342,11,42,1662,896,A,896,F-L2,1B-E3
343,11,43,644,390,A,390,B-J7,1B-G2
344,11,44,132,134,A,134,B-G22,1B-B21
345,11,45,1155,645,A,645,F-L5,1B-K3
346,11,46,1663,897,A,897,F-L3,1B-E2
347,12,4,2035,1013,B,1013,E-K40,1B-H2
348,12,5,1527,761,B,761,A-G34,1B-C5
349,12,6,507,253,B,253,A-G32,1B-C1
350,12,7,1019,509,B,509,E-L44,1B-H29
351,12,8,2036,1014,B,1014,E-L41,1B-H23
352,12,9,1528,762,B,762,A-D33,1A-F29
353,12,10,508,254,B,254,A-G31,1B-A30
354,12,11,1020,510,B,510,E-L42,1B-H25
355,12,12,517,263,A,263,E-L39,1B-H19
356,12,13,7,8,A,8,B-F40,1A-H17
357,12,14,522,268,A,268,F-H18,1B-A17
358,12,15,525,271,A,271,B-K37,1B-C29
359,12,16,1040,530,A,530,B-H44,1B-C26
360,12,17,20,21,A,21,B-K44,1B-G30
361,12,18,1048,538,A,538,B-M44,1B-H30
362,12,19,1560,794,A,794,F-J24,1B-D19
363,12,20,1565,799,A,799,F-E41,1A-H19
364,12,21,1570,804,A,804,F-G29,1B-A28
365,12,22,44,45,A,45,B-L24,1B-J22
366,12,23,1581,815,A,815,F-G33,1B-C3
367,12,24,1587,821,A,821,F-K43,1B-G28
368,12,25,1593,827,A,827,F-E38,1A-H14
369,12,26,1091,581,A,581,F-L40,1B-H21
370,12,27,1097,587,A,587,F-H36,1B-C10
371,12,28,1103,593,A,593,F-L37,1B-H15
372,12,29,597,343,A,343,B-D40,1A-H4
373,12,30,1114,604,A,604,F-L32,1B-J30
374,12,31,1119,609,A,609,F-K26,1B-G21
375,12,32,1124,614,A,614,F-L27,1B-J25
376,12,33,1636,870,A,870,B-H29,1B-B28
377,12,34,621,367,A,367,B-H28,1B-B27
378,12,35,1644,878,A,878,B-H27,1B-B26
379,12,36,116,117,A,117,B-M34,1B-H10
380,12,37,119,120,A,120,F-M18,1B-J16
381,12,38,634,380,A,380,B-G25,1B-A24
382,12,39,124,125,A,125,B-H22,1B-A21
383,12,40,645,391,A,391,B-J22,1B-G17
384,12,41,133,135,A,135,F-L6,1B-K4
385,12,42,1156,646,A,646,F-L1,1B-E4
386,12,43,1664,898,A,898,B-G7,1A-K16
387,12,44,646,392,A,392,B-E21,1A-J21
388,12,45,134,136,A,136,F-L4,1B-E1
389,12,46,1157,647,A,647,F-K2,1B-D3
390,12,47,1665,899,A,899,B-H8,1B-B7
391,13,4,504,250,B,250,E-K44,1B-G30
392,13,5,1016,506,B,506,E-K41,1B-H4
393,13,6,2033,1011,B,1011,A-E34,1A-K30
394,13,7,1525,759,B,759,A-F35,1A-H7
395,13,8,505,251,B,251,E-K42,1B-H6
396,13,9,1017,507,B,507,E-K39,1B-C27
397,13,10,2034,1012,B,1012,A-E32,1A-K28
398,13,11,1526,760,B,760,A-F36,1A-H9
399,13,12,506,252,B,252,E-K43,1B-G28
400,13,13,1018,508,B,508,B-J38,1B-D28
401,13,14,1541,775,A,775,F-A39,1A-C17
402,13,15,1544,778,A,778,F-H19,1B-A18
403,13,16,16,17,A,17,B-K36,1B-C30
404,13,17,532,278,A,278,B-L35,1B-H11
405,13,18,24,25,A,25,B-J33,1B-E28
406,13,19,1052,542,A,542,F-C44,1A-G29
407,13,20,1057,547,A,547,B-K41,1B-H4
408,13,21,1062,552,A,552,F-F42,1A-H29
409,13,22,556,302,A,302,F-G31,1B-A30
410,13,23,1073,563,A,563,F-J41,1B-H3
411,13,24,1079,569,A,569,B-K18,1B-D13
412,13,25,1085,575,A,575,F-M41,1B-H24
413,13,26,1599,833,A,833,F-G39,1B-C15
414,13,27,1605,839,A,839,B-K10,1B-D5
415,13,28,1611,845,A,845,F-K34,1B-F29
416,13,29,85,86,A,86,F-M35,1B-H12
417,13,30,1622,856,A,856,F-J29,1B-D24
418,13,31,1627,861,A,861,B-H32,1B-C2
419,13,32,1632,866,A,866,F-K23,1B-G18
420,13,33,617,363,A,363,B-D36,1A-C29
421,13,34,109,110,A,110,B-C35,1A-D30
422,13,35,625,371,A,371,B-B34,1A-C8
423,13,36,1140,630,A,630,F-L19,1B-K17
424,13,37,1143,633,A,633,F-K9,1B-F4
425,13,38,647,393,A,393,B-A32,1A-C3
426,13,39,135,137,A,137,B-H21,1B-A20
427,13,40,1158,648,A,648,F-K5,1B-F1
428,13,41,1666,900,A,900,F-K3,1B-D2
429,13,42,648,394,A,394,B-G21,1B-B20
430,13,43,136,138,A,138,B-J21,1B-G16
431,13,44,1159,649,A,649,F-K6,1B-G1
432,13,45,1667,901,A,901,F-K1,1B-D4
433,13,46,649,395,A,395,B-J8,1B-G3
434,13,47,137,139,A,139,B-G20,1B-B19
435,14,3,1013,503,B,503,E-J44,1B-G29
436,14,4,2030,1008,B,1008,E-J41,1B-H3
437,14,5,1522,756,B,756,A-E35,1A-H8
438,14,6,502,248,B,248,A-K9,1B-F4
439,14,7,1014,504,B,504,E-J42,1B-H5
440,14,8,2031,1009,B,1009,E-J39,1B-D27
441,14,9,1523,757,B,757,A-G35,1B-C7
442,14,10,503,249,B,249,A-E36,1A-H10
443,14,11,1015,505,B,505,E-J43,1B-G27
444,14,12,2032,1010,B,1010,E-J40,1B-H1
445,14,13,1524,758,B,758,A-F34,1A-J30
446,14,14,1033,523,A,523,A-G36,1B-C9
447,14,15,1036,526,A,526,F-D39,1A-H2
448,14,16,528,274,A,274,F-H20,1B-A19
449,14,17,1551,785,A,785,F-J21,1B-G16
450,14,18,536,282,A,282,F-G23,1B-A22
451,14,19,28,29,A,29,B-K42,1B-H6
452,14,20,33,34,A,34,B-K30,1B-G25
453,14,21,38,39,A,39,B-L40,1B-H21
454,14,22,1575,809,A,809,F-G43,1B-C23
455,14,23,49,50,A,50,B-K21,1B-D16
456,14,24,55,56,A,56,B-E8,1A-J8
457,14,25,61,62,A,62,B-H14,1B-A13
458,14,26,580,326,A,326,B-E36,1A-H10
459,14,27,586,332,A,332,B-C42,1A-H6
460,14,28,592,338,A,338,B-E35,1A-H8
461,14,29,1109,599,A,599,F-K31,1B-G26
462,14,30,603,349,A,349,B-H33,1B-C4
463,14,31,608,354,A,354,B-M38,1B-H18
464,14,32,613,359,A,359,B-H30,1B-B29
465,14,33,105,106,A,106,F-M25,1B-K23
466,14,34,1133,623,A,623,F-M23,1B-K21
467,14,35,113,114,A,114,F-M21,1B-J19
468,14,36,1648,882,A,882,F-L11,1B-K9
469,14,37,1651,885,A,885,F-K4,1B-D1
470,14,38,1160,650,A,650,F-J2,1B-A2
471,14,39,1668,902,A,902,B-E20,1A-J20
472,14,40,650,396,A,396,B-H20,1B-A19
473,14,41,138,140,A,140,F-J5,1B-A5
474,14,42,1161,651,A,651,F-J3,1B-A3
475,14,43,1669,903,A,903,B-G8,1A-K15
476,14,44,651,397,A,397,B-E19,1A-J19
477,14,45,139,141,A,141,F-J6,1B-A6
478,14,46,1162,652,A,652,F-J1,1B-A1
479,14,47,1670,904,A,904,B-J20,1B-G15
480,14,48,652,398,A,398,B-G19,1B-B18
481,15,3,498,244,B,244,E-H44,1B-C26
482,15,4,1010,500,B,500,E-H41,1B-C20
483,15,5,2027,1005,B,1005,A-L9,1B-K7
484,15,6,1519,753,B,753,A-G37,1B-C11
485,15,7,499,245,B,245,E-H42,1B-C22
486,15,8,1011,501,B,501,E-H39,1B-C16
487,15,9,2028,1006,B,1006,A-D35,1A-C30
488,15,10,1520,754,B,754,A-M10,1B-J8
489,15,11,500,246,B,246,E-H43,1B-C24
490,15,12,1012,502,B,502,E-H40,1B-C18
491,15,13,2029,1007,B,1007,A-D34,1A-F30
492,15,14,1521,755,B,755,A-D36,1A-C29
493,15,15,501,247,B,247,B-F44,1A-H27
494,15,16,1547,781,A,781,F-C40,1A-H3
495,15,17,1043,533,A,533,F-A42,1A-C23
496,15,18,1555,789,A,789,F-B43,1A-G28
497,15,19,540,286,A,286,B-K32,1B-F27
498,15,20,545,291,A,291,F-G26,1B-A25
499,15,21,550,296,A,296,B-L27,1B-J25
500,15,22,1067,557,A,557,B-K24,1B-G19
501,15,23,561,307,A,307,B-C7,1A-F3
502,15,24,567,313,A,313,F-F35,1A-H7
503,15,25,573,319,A,319,B-K15,1B-D10
504,15,26,68,69,A,69,B-K12,1B-D7
505,15,27,74,75,A,75,F-K38,1B-C28
506,15,28,80,81,A,81,B-D41,1A-H20
507,15,29,1617,851,A,851,B-G34,1B-C5
508,15,30,91,92,A,92,B-M39,1B-H20
509,15,31,96,97,A,97,F-L29,1B-J27
510,15,32,101,102,A,102,B-M37,1B-H16
511,15,33,1129,619,A,619,F-K16,1B-D11
512,15,34,1641,875,A,875,F-K12,1B-D7
513,15,35,1137,627,A,627,F-K11,1B-D6
514,15,36,140,142,A,142,B-H26,1B-B25
515,15,37,1163,653,A,653,F-J4,1B-A4
516,15,38,1671,905,A,905,F-H2,1B-B2
517,15,39,653,399,A,399,B-L9,1B-K7
518,15,40,141,143,A,143,B-J19,1B-G14
519,15,41,1164,654,A,654,F-H5,1B-B5
520,15,42,1672,906,A,906,F-H3,1B-B3
521,15,43,654,400,A,400,B-H19,1B-A18
522,15,44,142,144,A,144,B-E18,1A-J18
523,15,45,1165,655,A,655,F-H6,1B-B6
524,15,46,1673,907,A,907,F-H1,1B-B1
525,15,47,655,401,A,401,B-G9,1B-B8
526,15,48,143,145,A,145,B-H18,1B-A17
527,16,2,2023,1001,B,1001,E-F40,1A-H17
528,16,3,1515,749,B,749,A-K10,1B-D5
529,16,4,495,241,B,241,A-E37,1A-H12
530,16,5,1007,497,B,497,E-G44,1B-C25
531,16,6,2024,1002,B,1002,E-G41,1B-C19
532,16,7,1516,750,B,750,A-J9,1B-G4
533,16,8,496,242,B,242,A-L11,1B-K9
534,16,9,1008,498,B,498,E-G42,1B-C21
535,16,10,2025,1003,B,1003,E-G39,1B-C15
536,16,11,1517,751,B,751,A-H9,1B-A8
537,16,12,497,243,B,243,A-F37,1A-H11
538,16,13,1009,499,B,499,E-G43,1B-C23
539,16,14,2026,1004,B,1004,E-G40,1B-C17
540,16,15,1518,752,B,752,A-M9,1B-J7
541,16,16,1039,529,A,529,A-J10,1B-G5
542,16,17,19,20,A,20,B-H41,1B-C20
543,16,18,1047,537,A,537,B-H40,1B-C18
544,16,19,1559,793,A,793,F-H24,1B-B23
545,16,20,1564,798,A,798,F-D44,1A-H26
546,16,21,1569,803,A,803,F-H28,1B-B27
547,16,22,43,44,A,44,B-B8,1A-B8
548,16,23,1580,814,A,814,F-F33,1A-J29
549,16,24,1586,820,A,820,F-K42,1B-H6
550,16,25,1592,826,A,826,F-E39,1A-H16
551,16,26,1092,582,A,582,F-M40,1B-H22
552,16,27,1098,588,A,588,F-H37,1B-C12
553,16,28,1104,594,A,594,F-M37,1B-H16
554,16,29,598,344,A,344,B-M40,1B-H22
555,16,30,1115,605,A,605,F-M32,1B-K30
556,16,31,1120,610,A,610,F-J26,1B-D21
557,16,32,1125,615,A,615,F-M27,1B-K25
558,16,33,1637,871,A,871,B-G29,1B-A28
559,16,34,622,368,A,368,B-G28,1B-A27
560,16,35,1645,879,A,879,F-H4,1B-B4
561,16,36,1166,656,A,656,F-G2,1A-K21
562,16,37,1674,908,A,908,B-G18,1B-B17
563,16,38,656,402,A,402,B-J18,1B-G13
564,16,39,144,146,A,146,F-G5,1A-K18
565,16,40,1167,657,A,657,F-G3,1A-K20
566,16,41,1675,909,A,909,B-F9,1A-K9
567,16,42,657,403,A,403,B-E17,1A-J17
568,16,43,145,147,A,147,F-G6,1A-K17
569,16,44,1168,658,A,658,F-G1,1A-K22
570,16,45,1676,910,A,910,B-G17,1B-B16
571,16,46,658,404,A,404,B-H17,1B-A16
572,16,47,146,148,A,148,F-G4,1A-K19
573,16,48,1169,659,A,659,F-F2,1A-K2
574,16,49,1677,911,A,911,B-E9,1A-J9
575,17,2,2019,997,B,997,A-J11,1B-G6
576,17,3,1511,745,B,745,A-G38,1B-C13
577,17,4,491,237,B,237,E-E43,1A-H23
578,17,5,1003,493,B,493,E-E40,1A-H18
579,17,6,2020,998,B,998,A-H10,1B-A9
580,17,7,1512,746,B,746,A-K12,1B-D7
581,17,8,492,238,B,238,E-F44,1A-H27
582,17,9,1004,494,B,494,E-F41,1A-H30
583,17,10,2021,999,B,999,A-M11,1B-J9
584,17,11,1513,747,B,747,A-D37,1A-C28
585,17,12,493,239,B,239,E-F42,1A-H29
586,17,13,1005,495,B,495,E-F39,1A-H15
587,17,14,2022,1000,B,1000,A-L10,1B-K8
588,17,15,1514,748,B,748,A-H11,1B-A10
589,17,16,494,240,B,240,E-F43,1A-H28
590,17,17,1006,496,B,496,B-K35,1B-F30
591,17,18,23,24,A,24,B-L34,1B-H9
592,17,19,1051,541,A,541,F-C43,1A-G27
593,17,20,1056,546,A,546,B-L41,1B-H23
594,17,21,1061,551,A,551,F-F41,1A-H30
595,17,22,555,301,A,301,F-F31,1A-J27
596,17,23,1072,562,A,562,F-H44,1B-C26
597,17,24,1078,568,A,568,B-F38,1A-H13
598,17,25,1084,574,A,574,F-L44,1B-H29
599,17,26,1600,834,A,834,F-G38,1B-C13
600,17,27,1606,840,A,840,B-H9,1B-A8
601,17,28,1612,846,A,846,F-J34,1B-E29
602,17,29,86,87,A,87,F-L34,1B-H9
603,17,30,1623,857,A,857,F-K28,1B-G23
604,17,31,1628,862,A,862,B-G31,1B-A30
605,17,32,1633,867,A,867,F-K20,1B-D15
606,17,33,618,364,A,364,B-M36,1B-H14
607,17,34,659,405,A,405,B-D35,1A-C30
608,17,35,147,149,A,149,B-J17,1B-G12
609,17,36,1170,660,A,660,F-F5,1A-K5
610,17,37,1678,912,A,912,F-F3,1A-K3
611,17,38,660,406,A,406,B-G16,1B-B15
612,17,39,148,150,A,150,B-E16,1A-J16
613,17,40,1171,661,A,661,F-F4,1A-K4
614,17,41,1679,913,A,913,F-F1,1A-K1
615,17,42,661,407,A,407,B-L10,1B-K8
616,17,43,149,151,A,151,B-H16,1B-A15
617,17,44,1172,662,A,662,F-E5,1A-J5
618,17,45,1680,914,A,914,F-E2,1A-J2
619,17,46,662,408,A,408,B-G15,1B-B14
620,17,47,150,152,A,152,B-J16,1B-G11
621,17,48,1173,663,A,663,F-E4,1A-J4
622,17,49,1681,915,A,915,F-E3,1A-J3
623,18,2,2015,993,B,993,E-C40,1A-H3
624,18,3,1507,741,B,741,A-H12,1B-A11
625,18,4,487,233,B,233,A-E38,1A-H14
626,18,5,999,489,B,489,E-D42,1A-H22
627,18,6,2016,994,B,994,E-D41,1A-H20
628,18,7,1508,742,B,742,A-M12,1B-J10
629,18,8,488,234,B,234,A-J13,1B-G8
630,18,9,1000,490,B,490,E-D43,1A-H24
631,18,10,2017,995,B,995,E-D40,1A-H4
632,18,11,1509,743,B,743,A-L12,1B-K10
633,18,12,489,235,B,235,A-F38,1A-H13
634,18,13,1001,491,B,491,E-E44,1A-H25
635,18,14,2018,996,B,996,E-E41,1A-H19
636,18,15,1510,744,B,744,A-K11,1B-D6
637,18,16,490,236,B,236,A-M13,1B-J11
638,18,17,1002,492,B,492,E-E42,1A-H21
639,18,18,535,281,A,281,E-E39,1A-H16
640,18,19,27,28,A,28,B-L43,1B-H27
641,18,20,32,33,A,33,B-L31,1B-J29
642,18,21,37,38,A,38,B-K27,1B-G22
643,18,22,1574,808,A,808,F-G42,1B-C21
644,18,23,48,49,A,49,B-E38,1A-H14
645,18,24,54,55,A,55,B-L19,1B-K17
646,18,25,60,61,A,61,B-H13,1B-A12
647,18,26,581,327,A,327,B-H37,1B-C12
648,18,27,587,333,A,333,B-D42,1A-H22
649,18,28,593,339,A,339,B-F35,1A-H7
650,18,29,1110,600,A,600,F-J31,1B-D26
651,18,30,604,350,A,350,B-E32,1A-K28
652,18,31,609,355,A,355,B-A37,1A-C13
653,18,32,614,360,A,360,B-G30,1B-A29
654,18,33,106,107,A,107,B-G10,1B-B9
655,18,34,663,409,A,409,B-E15,1A-J15
656,18,35,151,153,A,153,F-D5,1A-G1
657,18,36,1174,664,A,664,F-E1,1A-J1
658,18,37,1682,916,A,916,B-G12,1B-B11
659,18,38,664,410,A,410,B-H15,1B-A14
660,18,39,152,154,A,154,F-D4,1A-E1
661,18,40,1175,665,A,665,F-D2,1A-E3
662,18,41,1683,917,A,917,B-G11,1B-B10
663,18,42,665,411,A,411,B-G14,1B-B13
664,18,43,153,155,A,155,F-C4,1A-D1
665,18,44,1176,666,A,666,F-D3,1A-E2
666,18,45,1684,918,A,918,B-L12,1B-K10
667,18,46,666,412,A,412,B-G13,1B-B12
668,18,47,154,156,A,156,F-C5,1A-F1
669,18,48,1177,667,A,667,F-D1,1A-E4
670,18,49,1685,919,A,919,B-L11,1B-K9
671,19,1,1502,736,B,736,A-C38,1A-D27
672,19,2,482,228,B,228,E-B43,1A-G28
673,19,3,994,484,B,484,E-B42,1A-C24
674,19,4,2011,989,B,989,A-M14,1B-J12
675,19,5,1503,737,B,737,A-H14,1B-A13
676,19,6,483,229,B,229,E-C44,1A-G29
677,19,7,995,485,B,485,E-B40,1A-C20
678,19,8,2012,990,B,990,A-L13,1B-K11
679,19,9,1504,738,B,738,A-K14,1B-D9
680,19,10,484,230,B,230,E-C43,1A-G27
681,19,11,996,486,B,486,E-B41,1A-C22
682,19,12,2013,991,B,991,A-K13,1B-D8
683,19,13,1505,739,B,739,A-D38,1A-C27
684,19,14,485,231,B,231,E-C42,1A-H6
685,19,15,997,487,B,487,E-C41,1A-H5
686,19,16,2014,992,B,992,A-J12,1B-G7
687,19,17,1506,740,B,740,A-L14,1B-K12
688,19,18,486,232,B,232,E-D44,1A-H26
689,19,19,998,488,B,488,B-J32,1B-E27
690,19,20,544,290,A,290,F-J25,1B-D20
691,19,21,549,295,A,295,B-L28,1B-J26
692,19,22,1066,556,A,556,B-F39,1A-H15
693,19,23,560,306,A,306,B-L22,1B-K20
694,19,24,566,312,A,312,F-H34,1B-C6
695,19,25,572,318,A,318,B-L16,1B-K14
696,19,26,69,70,A,70,B-H11,1B-A10
697,19,27,75,76,A,76,F-L38,1B-H17
698,19,28,81,82,A,82,B-M41,1B-H24
699,19,29,1618,852,A,852,B-H34,1B-C6
700,19,30,92,93,A,93,B-A38,1A-C15
701,19,31,97,98,A,98,F-M29,1B-K27
702,19,32,667,413,A,413,B-A36,1A-C11
703,19,33,155,157,A,157,B-J15,1B-G10
704,19,34,1178,668,A,668,F-C3,1A-D2
705,19,35,1686,920,A,920,F-C2,1A-D3
706,19,36,668,414,A,414,B-E12,1A-J12
707,19,37,156,158,A,158,B-L14,1B-K12
708,19,38,1179,669,A,669,F-B4,1A-B4
709,19,39,1687,921,A,921,F-C1,1A-D4
710,19,40,669,415,A,415,B-E11,1A-J11
711,19,41,157,159,A,159,B-L13,1B-K11
712,19,42,1180,670,A,670,F-B5,1A-B5
713,19,43,1688,922,A,922,F-B2,1A-B2
714,19,44,670,416,A,416,B-F12,1A-K12
715,19,45,158,160,A,160,B-E14,1A-J14
716,19,46,1181,671,A,671,F-B3,1A-B3
717,19,47,1689,923,A,923,F-B1,1A-B1
718,19,48,671,417,A,417,B-E10,1A-J10
719,19,49,159,161,A,161,B-E13,1A-J13
720,19,50,1182,672,A,672,F-A5,1A-A5
721,20,1,477,223,B,223,A-L16,1B-K14
722,20,2,989,479,B,479,E-C38,1A-D27
723,20,3,2006,984,B,984,E-C37,1A-D28
724,20,4,1498,732,B,732,A-M16,1B-J14
725,20,5,478,224,B,224,A-H15,1B-A14
726,20,6,990,480,B,480,E-A39,1A-C17
727,20,7,2007,985,B,985,E-A38,1A-C15
728,20,8,1499,733,B,733,A-J15,1B-G10
729,20,9,479,225,B,225,A-G39,1B-C15
730,20,10,991,481,B,481,E-A44,1A-C26
731,20,11,2008,986,B,986,E-A42,1A-C23
732,20,12,1500,734,B,734,A-L15,1B-K13
733,20,13,480,226,B,226,A-K15,1B-D10
734,20,14,992,482,B,482,E-A43,1A-C25
735,20,15,2009,987,B,987,E-A41,1A-C21
736,20,16,1501,735,B,735,A-J14,1B-G9
737,20,17,481,227,B,227,A-M15,1B-J13
738,20,18,993,483,B,483,E-B44,1A-G30
739,20,19,2010,988,B,988,E-A40,1A-C19
740,20,20,1563,797,A,797,A-H13,1B-A12
741,20,21,1568,802,A,802,F-G28,1B-A27
742,20,22,42,43,A,43,B-L25,1B-J23
743,20,23,1579,813,A,813,F-H32,1B-C2
744,20,24,1585,819,A,819,F-K41,1B-H4
745,20,25,1591,825,A,825,F-E40,1A-H18
746,20,26,1093,583,A,583,F-J39,1B-D27
747,20,27,1099,589,A,589,F-K36,1B-C30
748,20,28,1105,595,A,595,F-J36,1B-D30
749,20,29,599,345,A,345,B-A39,1A-C17
750,20,30,1116,606,A,606,F-L31,1B-J29
751,20,31,1121,611,A,611,F-A2,1A-A2
752,20,32,1690,924,A,924,B-F11,1A-K11
753,20,33,672,418,A,418,B-F14,1A-K14
754,20,34,160,162,A,162,F-A4,1A-A4
755,20,35,1183,673,A,673,F-A1,1A-A1
756,20,36,1691,925,A,925,B-F10,1A-K10
757,20,37,673,419,A,419,B-F13,1A-K13
758,20,38,161,163,A,163,F-A3,1A-A3
759,20,39,1184,674,A,674,F-E6,1A-J6
760,20,40,1692,926,A,926,B-D31,1A-F27
761,20,41,674,420,A,420,B-C31,1A-E27
762,20,42,162,164,A,164,F-D6,1A-G2
763,20,43,1185,675,A,675,F-C6,1A-F2
764,20,44,1693,927,A,927,B-A30,1A-A30
765,20,45,675,421,A,421,B-M31,1B-K29
766,20,46,163,165,A,165,F-B6,1A-B6
767,20,47,1186,676,A,676,F-A6,1A-A6
768,20,48,1694,928,A,928,B-C30,1A-D26
769,20,49,676,422,A,422,B-B30,1A-B30
770,20,50,164,166,A,166,F-E7,1A-J7
771,21,1,1492,726,B,726,A-L18,1B-K16
772,21,2,472,218,B,218,E-L36,1B-H13
773,21,3,984,474,B,474,E-M36,1B-H14
774,21,4,2001,979,B,979,A-M18,1B-J16
775,21,5,1493,727,B,727,A-H17,1B-A16
776,21,6,473,219,B,219,E-J36,1B-D30
777,21,7,985,475,B,475,E-K36,1B-C30
778,21,8,2002,980,B,980,A-J17,1B-G12
779,21,9,1494,728,B,728,A-K17,1B-D12
780,21,10,474,220,B,220,E-B39,1A-C18
781,21,11,986,476,B,476,E-A36,1A-C11
782,21,12,2003,981,B,981,A-L17,1B-K15
783,21,13,1495,729,B,729,A-M17,1B-J15
784,21,14,475,221,B,221,E-A37,1A-C13
785,21,15,987,477,B,477,E-B37,1A-C14
786,21,16,2004,982,B,982,A-H16,1B-A15
787,21,17,1496,730,B,730,A-J16,1B-G11
788,21,18,476,222,B,222,E-C39,1A-H1
789,21,19,988,478,B,478,E-B38,1A-C16
790,21,20,2005,983,B,983,A-K16,1B-D11
791,21,21,1497,731,B,731,F-E44,1A-H25
792,21,22,554,300,A,300,F-H30,1B-B29
793,21,23,1071,561,A,561,F-H43,1B-C24
794,21,24,1077,567,A,567,B-K19,1B-D14
795,21,25,1083,573,A,573,F-L43,1B-H27
796,21,26,1601,835,A,835,F-G37,1B-C11
797,21,27,1607,841,A,841,B-J9,1B-G4
798,21,28,1613,847,A,847,F-K33,1B-F28
799,21,29,87,88,A,88,F-M34,1B-H10
800,21,30,1187,677,A,677,F-J28,1B-D23
801,21,31,1695,929,A,929,F-D7,1A-G3
802,21,32,677,423,A,423,B-M30,1B-K28
803,21,33,165,167,A,167,B-D30,1A-G26
804,21,34,1188,678,A,678,F-C7,1A-F3
805,21,35,1696,930,A,930,F-B7,1A-B7
806,21,36,678,424,A,424,B-B29,1A-B29
807,21,37,166,168,A,168,B-A29,1A-A29
808,21,38,1189,679,A,679,F-A7,1A-A7
809,21,39,1697,931,A,931,F-E8,1A-J8
810,21,40,679,425,A,425,B-D29,1A-G25
811,21,41,167,169,A,169,B-C29,1A-D25
812,21,42,1190,680,A,680,F-D8,1A-G4
813,21,43,1698,932,A,932,F-C8,1A-F4
814,21,44,680,426,A,426,B-A28,1A-A28
815,21,45,168,170,A,170,B-M29,1B-K27
816,21,46,1191,681,A,681,F-B8,1A-B8
817,21,47,1699,933,A,933,F-A8,1A-A8
818,21,48,681,427,A,427,B-C28,1A-D24
819,21,49,169,171,A,171,B-B28,1A-B28
820,21,50,1192,682,A,682,F-E9,1A-J9
821,22,1,1995,973,B,973,E-J33,1B-E28
822,22,2,1487,721,B,721,A-K20,1B-D15
823,22,3,467,213,B,213,A-L20,1B-K18
824,22,4,979,469,B,469,E-L34,1B-H9
825,22,5,1996,974,B,974,E-M34,1B-H10
826,22,6,1488,722,B,722,A-M20,1B-J18
827,22,7,468,214,B,214,A-H19,1B-A18
828,22,8,980,470,B,470,E-J34,1B-E29
829,22,9,1997,975,B,975,E-K34,1B-F29
830,22,10,1489,723,B,723,A-J19,1B-G14
831,22,11,469,215,B,215,A-K19,1B-D14
832,22,12,981,471,B,471,E-M35,1B-H12
833,22,13,1998,976,B,976,E-A34,1A-C7
834,22,14,1490,724,B,724,A-L19,1B-K17
835,22,15,470,216,B,216,A-M19,1B-J17
836,22,16,982,472,B,472,E-K35,1B-F30
837,22,17,1999,977,B,977,E-L35,1B-H11
838,22,18,1491,725,B,725,A-H18,1B-A17
839,22,19,471,217,B,217,A-J18,1B-G13
840,22,20,983,473,B,473,E-A35,1A-C9
841,22,21,2000,978,B,978,E-J35,1B-E30
842,22,22,1573,807,A,807,A-K18,1B-D13
843,22,23,47,48,A,48,B-K22,1B-D17
844,22,24,53,54,A,54,B-D7,1A-G3
845,22,25,59,60,A,60,B-F7,1A-K7
846,22,26,582,328,A,328,B-J11,1B-G6
847,22,27,588,334,A,334,B-M42,1B-H26
848,22,28,594,340,A,340,B-G35,1B-C7
849,22,29,1111,601,A,601,F-D9,1A-G5
850,22,30,1700,934,A,934,B-M28,1B-K26
851,22,31,682,428,A,428,B-D28,1A-G24
852,22,32,170,172,A,172,F-C9,1A-D5
853,22,33,1193,683,A,683,F-B9,1A-B9
854,22,34,1701,935,A,935,B-B27,1A-B27
855,22,35,683,429,A,429,B-A27,1A-A27
856,22,36,171,173,A,173,F-A9,1A-A9
857,22,37,1194,684,A,684,F-E10,1A-J10
858,22,38,1702,936,A,936,B-D27,1A-G23
859,22,39,684,430,A,430,B-C27,1A-D23
860,22,40,172,174,A,174,F-D10,1A-G6
861,22,41,1195,685,A,685,F-C10,1A-D6
862,22,42,1703,937,A,937,B-A26,1A-A26
863,22,43,685,431,A,431,B-M27,1B-K25
864,22,44,173,175,A,175,F-B10,1A-B10
865,22,45,1196,686,A,686,F-A10,1A-A10
866,22,46,1704,938,A,938,B-C26,1A-D22
867,22,47,686,432,A,432,B-B26,1A-B26
868,22,48,174,176,A,176,F-E11,1A-J11
869,22,49,1197,687,A,687,F-D11,1A-G7
870,22,50,1705,939,A,939,B-M26,1B-K24
871,23,1,1481,715,B,715,A-J22,1B-G17
872,23,2,461,207,B,207,E-A31,1A-C1
873,23,3,973,463,B,463,E-J31,1B-D26
874,23,4,1990,968,B,968,A-K22,1B-D17
875,23,5,1482,716,B,716,A-L22,1B-K20
876,23,6,462,208,B,208,E-L32,1B-J30
877,23,7,974,464,B,464,E-M32,1B-K30
878,23,8,1991,969,B,969,A-M22,1B-J20
879,23,9,1483,717,B,717,A-H21,1B-A20
880,23,10,463,209,B,209,E-J32,1B-E27
881,23,11,975,465,B,465,E-K32,1B-F27
882,23,12,1992,970,B,970,A-J21,1B-G16
883,23,13,1484,718,B,718,A-K21,1B-D16
884,23,14,464,210,B,210,E-M33,1B-H8
885,23,15,976,466,B,466,E-A32,1A-C3
886,23,16,1993,971,B,971,A-L21,1B-K19
887,23,17,1485,719,B,719,A-M21,1B-J19
888,23,18,465,211,B,211,E-K33,1B-F28
889,23,19,977,467,B,467,E-L33,1B-H7
890,23,20,1994,972,B,972,A-H20,1B-A19
891,23,21,1486,720,B,720,A-J20,1B-G15
892,23,22,466,212,B,212,E-A33,1A-C5
893,23,23,978,468,B,468,B-C8,1A-F4
894,23,24,565,311,A,311,F-G34,1B-C5
895,23,25,571,317,A,317,B-F8,1A-K8
896,23,26,70,71,A,71,B-D43,1A-H24
897,23,27,76,77,A,77,F-M38,1B-H18
898,23,28,687,433,A,433,B-A40,1A-C19
899,23,29,175,177,A,177,B-D26,1A-G22
900,23,30,1198,688,A,688,F-C11,1A-D7
901,23,31,1706,940,A,940,F-B11,1A-B11
902,23,32,688,434,A,434,B-B25,1A-B25
903,23,33,176,178,A,178,B-A25,1A-A25
904,23,34,1199,689,A,689,F-A11,1A-A11
905,23,35,1707,941,A,941,F-E12,1A-J12
906,23,36,689,435,A,435,B-D25,1A-G21
907,23,37,177,179,A,179,B-C25,1A-D21
908,23,38,1200,690,A,690,F-D12,1A-G8
909,23,39,1708,942,A,942,F-C12,1A-D8
910,23,40,690,436,A,436,B-A24,1A-A24
911,23,41,178,180,A,180,B-M25,1B-K23
912,23,42,1201,691,A,691,F-B12,1A-B12
913,23,43,1709,943,A,943,F-A12,1A-A12
914,23,44,691,437,A,437,B-C24,1A-D20
915,23,45,179,181,A,181,B-B24,1A-B24
916,23,46,1202,692,A,692,F-E13,1A-J13
917,23,47,1710,944,A,944,F-D13,1A-G9
918,23,48,692,438,A,438,B-M24,1B-K22
919,23,49,180,182,A,182,B-D24,1A-G20
920,23,50,1203,693,A,693,F-C13,1A-D9
921,24,1,455,201,B,201,A-M25,1B-K23
922,24,2,967,457,B,457,E-K29,1B-G24
923,24,3,1984,962,B,962,E-L29,1B-J27
924,24,4,1476,710,B,710,A-H24,1B-B23
925,24,5,456,202,B,202,A-J24,1B-D19
926,24,6,968,458,B,458,E-A29,1A-A29
927,24,7,1985,963,B,963,E-J29,1B-D24
928,24,8,1477,711,B,711,A-K24,1B-G19
929,24,9,457,203,B,203,A-L24,1B-J22
930,24,10,969,459,B,459,E-L30,1B-J28
931,24,11,1986,964,B,964,E-M30,1B-K28
932,24,12,1478,712,B,712,A-M24,1B-K22
933,24,13,458,204,B,204,A-H23,1B-B22
934,24,14,970,460,B,460,E-J30,1B-D25
935,24,15,1987,965,B,965,E-K30,1B-G25
936,24,16,1479,713,B,713,A-J23,1B-D18
937,24,17,459,205,B,205,A-K23,1B-G18
938,24,18,971,461,B,461,E-M31,1B-K29
939,24,19,1988,966,B,966,E-A30,1A-A30
940,24,20,1480,714,B,714,A-L23,1B-J21
941,24,21,460,206,B,206,A-M23,1B-K21
942,24,22,972,462,B,462,E-K31,1B-G26
943,24,23,1989,967,B,967,E-L31,1B-J29
944,24,24,1584,818,A,818,A-H22,1B-A21
945,24,25,1590,824,A,824,F-E37,1A-H12
946,24,26,1094,584,A,584,F-K39,1B-C27
947,24,27,1100,590,A,590,F-B13,1A-B13
948,24,28,1711,945,A,945,B-B23,1A-B23
949,24,29,693,439,A,439,B-A23,1A-A23
950,24,30,181,183,A,183,F-A13,1A-A13
951,24,31,1204,694,A,694,F-E14,1A-J14
952,24,32,1712,946,A,946,B-D23,1A-G19
953,24,33,694,440,A,440,B-C23,1A-D19
954,24,34,182,184,A,184,F-D14,1A-G10
955,24,35,1205,695,A,695,F-C14,1A-D10
956,24,36,1713,947,A,947,B-A22,1A-A22
957,24,37,695,441,A,441,B-M23,1B-K21
958,24,38,183,185,A,185,F-B14,1A-B14
959,24,39,1206,696,A,696,F-A14,1A-A14
960,24,40,1714,948,A,948,B-C22,1A-D18
961,24,41,696,442,A,442,B-B22,1A-B22
962,24,42,184,186,A,186,F-E15,1A-J15
963,24,43,1207,697,A,697,F-D15,1A-G11
964,24,44,1715,949,A,949,B-M22,1B-J20
965,24,45,697,443,A,443,B-D22,1A-G18
966,24,46,185,187,A,187,F-C15,1A-D11
967,24,47,1208,698,A,698,F-B15,1A-B15
968,24,48,1716,950,A,950,B-B21,1A-B21
969,24,49,698,444,A,444,B-A21,1A-A21
970,24,50,186,188,A,188,F-A15,1A-A15
971,25,1,1469,703,B,703,A-K27,1B-G22
972,25,2,449,195,B,195,E-M27,1B-K25
973,25,3,961,451,B,451,E-A26,1A-A26
974,25,4,1978,956,B,956,A-L27,1B-J25
975,25,5,1470,704,B,704,A-M27,1B-K25
976,25,6,450,196,B,196,E-K27,1B-G22
977,25,7,962,452,B,452,E-L27,1B-J25
978,25,8,1979,957,B,957,A-H26,1B-B25
979,25,9,1471,705,B,705,A-J26,1B-D21
980,25,10,451,197,B,197,E-A27,1A-A27
981,25,11,963,453,B,453,E-J27,1B-D22
982,25,12,1980,958,B,958,A-K26,1B-G21
983,25,13,1472,706,B,706,A-L26,1B-J24
984,25,14,452,198,B,198,E-L28,1B-J26
985,25,15,964,454,B,454,E-M28,1B-K26
986,25,16,1981,959,B,959,A-M26,1B-K24
987,25,17,1473,707,B,707,A-H25,1B-B24
988,25,18,453,199,B,199,E-J28,1B-D23
989,25,19,965,455,B,455,E-K28,1B-G23
990,25,20,1982,960,B,960,A-J25,1B-D20
991,25,21,1474,708,B,708,A-K25,1B-G20
992,25,22,454,200,B,200,E-M29,1B-K27
993,25,23,966,456,B,456,E-A28,1A-A28
994,25,24,1983,961,B,961,A-L25,1B-J23
995,25,25,1475,709,B,709,F-L42,1B-H25
996,25,26,1209,699,A,699,F-H40,1B-C18
997,25,27,1717,951,A,951,F-E16,1A-J16
998,25,28,699,445,A,445,B-D21,1A-G17
999,25,29,187,189,A,189,B-C21,1A-D17
1000,25,30,1210,700,A,700,F-D16,1A-G12
1001,25,31,1718,952,A,952,F-C16,1A-D12
1002,25,32,700,446,A,446,B-A20,1A-A20
1003,25,33,188,190,A,190,B-M21,1B-J19
1004,25,34,1211,701,A,701,F-B16,1A-B16
1005,25,35,1719,953,A,953,F-A16,1A-A16
1006,25,36,701,447,A,447,B-C20,1A-D16
1007,25,37,189,191,A,191,B-B20,1A-B20
1008,25,38,1212,702,A,702,F-E17,1A-J17
1009,25,39,1720,954,A,954,F-D17,1A-G13
1010,25,40,702,448,A,448,B-M20,1B-J18
1011,25,41,190,192,A,192,B-D20,1A-G16
1012,25,42,1213,703,A,703,F-C17,1A-D13
1013,25,43,1721,955,A,955,F-B17,1A-B17
1014,25,44,703,449,A,449,B-B19,1A-B19
1015,25,45,191,193,A,193,B-A19,1A-A19
1016,25,46,1214,704,A,704,F-A17,1A-A17
1017,25,47,1722,956,A,956,F-E18,1A-J18
1018,25,48,704,450,A,450,B-D19,1A-G15
1019,25,49,192,194,A,194,B-C19,1A-D15
1020,25,50,1215,705,A,705,F-D18,1A-G14
1021,26,1,1977,955,B,955,A-J27,1B-D22
1022,26,2,960,450,B,450,E-K26,1B-G21
1023,26,3,448,194,B,194,E-J26,1B-D21
1024,26,4,1468,702,B,702,A-H27,1B-B26
1025,26,5,1976,954,B,954,A-M28,1B-K26
1026,26,6,959,449,B,449,E-M26,1B-K24
1027,26,7,447,193,B,193,E-L26,1B-J24
1028,26,8,1467,701,B,701,A-L28,1B-J26
1029,26,9,1975,953,B,953,A-K28,1B-G23
1030,26,10,958,448,B,448,E-J25,1B-D20
1031,26,11,446,192,B,192,E-A25,1A-A25
1032,26,12,1466,700,B,700,A-J28,1B-D23
1033,26,13,1974,952,B,952,A-H28,1B-B27
1034,26,14,957,447,B,447,E-L25,1B-J23
1035,26,15,445,191,B,191,E-K25,1B-G20
1036,26,16,1465,699,B,699,A-M29,1B-K27
1037,26,17,1973,951,B,951,A-L29,1B-J27
1038,26,18,956,446,B,446,E-A24,1A-A24
1039,26,19,444,190,B,190,E-M25,1B-K23
1040,26,20,1464,698,B,698,A-K29,1B-G24
1041,26,21,1972,950,B,950,A-J29,1B-D24
1042,26,22,955,445,B,445,E-K24,1B-G19
1043,26,23,443,189,B,189,E-J24,1B-D19
1044,26,24,1463,697,B,697,A-H29,1B-B28
1045,26,25,1971,949,B,949,A-B6,1A-B6
1046,26,26,1729,963,A,963,A-F9,1A-K9
1047,26,27,1221,711,A,711,F-B20,1A-B20
1048,26,28,198,200,A,200,B-M17,1B-J15
1049,26,29,710,456,A,456,B-A16,1A-A16
1050,26,30,1728,962,A,962,F-C20,1A-D16
1051,26,31,1220,710,A,710,F-D20,1A-G16
1052,26,32,197,199,A,199,B-C17,1A-D13
1053,26,33,709,455,A,455,B-D17,1A-G13
1054,26,34,1727,961,A,961,F-E20,1A-J20
1055,26,35,1219,709,A,709,F-A19,1A-A19
1056,26,36,196,198,A,198,B-A17,1A-A17
1057,26,37,708,454,A,454,B-B17,1A-B17
1058,26,38,1726,960,A,960,F-B19,1A-B19
1059,26,39,1218,708,A,708,F-C19,1A-D15
1060,26,40,195,197,A,197,B-D18,1A-G14
1061,26,41,707,453,A,453,B-M18,1B-J16
1062,26,42,1725,959,A,959,F-D19,1A-G15
1063,26,43,1217,707,A,707,F-E19,1A-J19
1064,26,44,194,196,A,196,B-B18,1A-B18
1065,26,45,706,452,A,452,B-C18,1A-D14
1066,26,46,1724,958,A,958,F-A18,1A-A18
1067,26,47,1216,706,A,706,F-B18,1A-B18
1068,26,48,193,195,A,195,B-M19,1B-J17
1069,26,49,705,451,A,451,B-A18,1A-A18
1070,26,50,1723,957,A,957,F-C18,1A-D14
1071,27,1,954,444,B,444,A-M30,1B-K28
1072,27,2,442,188,B,188,E-M24,1B-K22
1073,27,3,1462,696,B,696,E-L24,1B-J22
1074,27,4,1970,948,B,948,A-L30,1B-J28
1075,27,5,953,443,B,443,A-K30,1B-G25
1076,27,6,441,187,B,187,E-J23,1B-D18
1077,27,7,1461,695,B,695,E-A23,1A-A23
1078,27,8,1969,947,B,947,A-J30,1B-D25
1079,27,9,952,442,B,442,A-H30,1B-B29
1080,27,10,440,186,B,186,E-L23,1B-J21
1081,27,11,1460,694,B,694,E-K23,1B-G18
1082,27,12,1968,946,B,946,A-M31,1B-K29
1083,27,13,951,441,B,441,A-L31,1B-J29
1084,27,14,439,185,B,185,E-A22,1A-A22
1085,27,15,1459,693,B,693,E-M23,1B-K21
1086,27,16,1967,945,B,945,A-K31,1B-G26
1087,27,17,950,440,B,440,A-J31,1B-D26
1088,27,18,438,184,B,184,E-K22,1B-D17
1089,27,19,1458,692,B,692,E-J22,1B-G17
1090,27,20,1966,944,B,944,A-H31,1B-B30
1091,27,21,949,439,B,439,A-M32,1B-K30
1092,27,22,437,183,B,183,E-M22,1B-J20
1093,27,23,1457,691,B,691,E-L22,1B-K20
1094,27,24,1354,588,B,588,A-L32,1B-J30
1095,27,25,1348,582,B,582,A-F8,1A-K8
1096,27,26,1844,822,B,822,A-B2,1A-B2
1097,27,27,1838,816,B,816,F-E23,1A-J23
1098,27,28,1227,717,A,717,B-B14,1A-B14
1099,27,29,204,206,A,206,B-C14,1A-D10
1100,27,30,716,462,A,462,F-A22,1A-A22
1101,27,31,1734,968,A,968,F-B22,1A-B22
1102,27,32,1226,716,A,716,B-M15,1B-J13
1103,27,33,203,205,A,205,B-A14,1A-A14
1104,27,34,715,461,A,461,F-C22,1A-D18
1105,27,35,1733,967,A,967,F-D22,1A-G18
1106,27,36,1225,715,A,715,B-C15,1A-D11
1107,27,37,202,204,A,204,B-D15,1A-G11
1108,27,38,714,460,A,460,F-E22,1A-J22
1109,27,39,1732,966,A,966,F-A21,1A-A21
1110,27,40,1224,714,A,714,B-A15,1A-A15
1111,27,41,201,203,A,203,B-B15,1A-B15
1112,27,42,713,459,A,459,F-B21,1A-B21
1113,27,43,1731,965,A,965,F-C21,1A-D17
1114,27,44,1223,713,A,713,B-D16,1A-G12
1115,27,45,200,202,A,202,B-M16,1B-J14
1116,27,46,712,458,A,458,F-D21,1A-G17
1117,27,47,1730,964,A,964,F-E21,1A-J21
1118,27,48,1222,712,A,712,B-B16,1A-B16
1119,27,49,199,201,A,201,B-C16,1A-D12
1120,27,50,711,457,A,457,F-A20,1A-A20
1121,28,1,1965,943,B,943,A-K32,1B-F27
1122,28,2,948,438,B,438,E-J21,1B-G16
1123,28,3,436,182,B,182,E-A21,1A-A21
1124,28,4,1456,690,B,690,A-J32,1B-E27
1125,28,5,1964,942,B,942,A-H32,1B-C2
1126,28,6,947,437,B,437,E-L21,1B-K19
1127,28,7,435,181,B,181,E-K21,1B-D16
1128,28,8,1455,689,B,689,A-M33,1B-H8
1129,28,9,1963,941,B,941,A-L33,1B-H7
1130,28,10,946,436,B,436,E-A20,1A-A20
1131,28,11,434,180,B,180,E-M21,1B-J19
1132,28,12,1454,688,B,688,A-K33,1B-F28
1133,28,13,1962,940,B,940,A-J33,1B-E28
1134,28,14,945,435,B,435,E-K20,1B-D15
1135,28,15,433,179,B,179,E-J20,1B-G15
1136,28,16,1453,687,B,687,A-H33,1B-C4
1137,28,17,1961,939,B,939,A-M34,1B-H10
1138,28,18,944,434,B,434,E-M20,1B-J18
1139,28,19,432,178,B,178,E-L20,1B-K18
1140,28,20,1452,686,B,686,A-L34,1B-H9
1141,28,21,1960,938,B,938,A-K34,1B-F29
1142,28,22,943,433,B,433,E-J19,1B-G14
1143,28,23,431,177,B,177,E-F10,1A-K10
1144,28,24,332,77,B,77,A-C9,1A-D5
1145,28,25,326,71,B,71,E-D34,1A-F30
1146,28,26,827,317,B,317,E-G38,1B-C13
1147,28,27,821,311,B,311,A-C4,1A-D1
1148,28,28,210,212,A,212,E-C23,1A-D19
1149,28,29,722,468,A,468,B-M12,1B-J10
1150,28,30,1740,974,A,974,F-D25,1A-G21
1151,28,31,1232,722,A,722,F-E25,1A-J24
1152,28,32,209,211,A,211,B-B12,1A-B12
1153,28,33,721,467,A,467,B-C12,1A-D8
1154,28,34,1739,973,A,973,F-A24,1A-A24
1155,28,35,1231,721,A,721,F-B24,1A-B24
1156,28,36,208,210,A,210,B-M13,1B-J11
1157,28,37,720,466,A,466,B-A12,1A-A12
1158,28,38,1738,972,A,972,F-C24,1A-D20
1159,28,39,1230,720,A,720,F-D24,1A-G20
1160,28,40,207,209,A,209,B-C13,1A-D9
1161,28,41,719,465,A,465,B-D13,1A-G9
1162,28,42,1737,971,A,971,F-E24,1A-K23
1163,28,43,1229,719,A,719,F-A23,1A-A23
1164,28,44,206,208,A,208,B-A13,1A-A13
1165,28,45,718,464,A,464,B-B13,1A-B13
1166,28,46,1736,970,A,970,F-B23,1A-B23
1167,28,47,1228,718,A,718,F-C23,1A-D19
1168,28,48,205,207,A,207,B-D14,1A-G10
1169,28,49,717,463,A,463,B-M14,1B-J12
1170,28,50,1735,969,A,969,F-D23,1A-G19
1171,29,1,1451,685,B,685,E-A19,1A-A19
1172,29,2,1959,937,B,937,A-J34,1B-E29
1173,29,3,942,432,B,432,A-H34,1B-C6
1174,29,4,430,176,B,176,E-L19,1B-K17
1175,29,5,1450,684,B,684,E-K19,1B-D14
1176,29,6,1958,936,B,936,A-M35,1B-H12
1177,29,7,941,431,B,431,A-L35,1B-H11
1178,29,8,429,175,B,175,E-A18,1A-A18
1179,29,9,1449,683,B,683,E-M19,1B-J17
1180,29,10,1957,935,B,935,A-K35,1B-F30
1181,29,11,940,430,B,430,A-J35,1B-E30
1182,29,12,428,174,B,174,E-K18,1B-D13
1183,29,13,1448,682,B,682,E-J18,1B-G13
1184,29,14,1956,934,B,934,A-H35,1B-C8
1185,29,15,939,429,B,429,A-M36,1B-H14
1186,29,16,427,173,B,173,E-M18,1B-J16
1187,29,17,1447,681,B,681,E-L18,1B-K16
1188,29,18,1955,933,B,933,A-L36,1B-H13
1189,29,19,938,428,B,428,A-K36,1B-C30
1190,29,20,426,172,B,172,E-J17,1B-G12
1191,29,21,1446,680,B,680,E-A17,1A-A17
1192,29,22,1365,599,B,599,A-J36,1B-D30
1193,29,23,850,340,B,340,E-M5,1B-J3
1194,29,24,844,334,B,334,E-D36,1A-C29
1195,29,25,838,328,B,328,E-J2,1B-A2
1196,29,26,315,60,B,60,E-G37,1B-C11
1197,29,27,309,54,B,54,E-C26,1A-D22
1198,29,28,303,48,B,48,E-K37,1B-C29
1199,29,29,1827,805,B,805,F-C27,1A-D23
1200,29,30,1238,728,A,728,B-D10,1A-G6
1201,29,31,215,217,A,217,B-M10,1B-J8
1202,29,32,727,473,A,473,F-D27,1A-G23
1203,29,33,1745,979,A,979,F-E27,1A-J25
1204,29,34,1237,727,A,727,B-B10,1A-B10
1205,29,35,214,216,A,216,B-C10,1A-D6
1206,29,36,726,472,A,472,F-A26,1A-A26
1207,29,37,1744,978,A,978,F-B26,1A-B26
1208,29,38,1236,726,A,726,B-M11,1B-J9
1209,29,39,213,215,A,215,B-A10,1A-A10
1210,29,40,725,471,A,471,F-C26,1A-D22
1211,29,41,1743,977,A,977,F-D26,1A-G22
1212,29,42,1235,725,A,725,B-C11,1A-D7
1213,29,43,212,214,A,214,B-D11,1A-G7
1214,29,44,724,470,A,470,F-E26,1A-K24
1215,29,45,1742,976,A,976,F-A25,1A-A25
1216,29,46,1234,724,A,724,B-A11,1A-A11
1217,29,47,211,213,A,213,B-B11,1A-B11
1218,29,48,723,469,A,469,F-B25,1A-B25
1219,29,49,1741,975,A,975,F-C25,1A-D21
1220,29,50,1233,723,A,723,B-D12,1A-G8
1221,30,1,1954,932,B,932,A-H36,1B-C10
1222,30,2,937,427,B,427,E-L17,1B-K15
1223,30,3,425,171,B,171,E-K17,1B-D12
1224,30,4,1445,679,B,679,A-M37,1B-H16
1225,30,5,1953,931,B,931,A-L37,1B-H15
1226,30,6,936,426,B,426,E-A16,1A-A16
1227,30,7,424,170,B,170,E-M17,1B-J15
1228,30,8,1444,678,B,678,A-K37,1B-C29
1229,30,9,1952,930,B,930,A-J37,1B-D29
1230,30,10,935,425,B,425,E-K16,1B-D11
1231,30,11,423,169,B,169,E-J16,1B-G11
1232,30,12,1443,677,B,677,A-H37,1B-C12
1233,30,13,1951,929,B,929,A-M38,1B-H18
1234,30,14,934,424,B,424,E-M16,1B-J14
1235,30,15,422,168,B,168,E-L16,1B-K14
1236,30,16,1442,676,B,676,A-L38,1B-H17
1237,30,17,1950,928,B,928,A-K38,1B-C28
1238,30,18,933,423,B,423,E-J15,1B-G10
1239,30,19,421,167,B,167,E-A15,1A-A15
1240,30,20,1441,675,B,675,A-J38,1B-D28
1241,30,21,1949,927,B,927,A-A14,1A-A14
1242,30,22,343,88,B,88,A-D14,1A-G10
1243,30,23,1867,845,B,845,A-B9,1A-B9
1244,30,24,1861,839,B,839,E-A3,1A-A3
1245,30,25,1855,833,B,833,A-C6,1A-F2
1246,30,26,1337,571,B,571,A-H8,1B-B7
1247,30,27,1331,565,B,565,E-J38,1B-D28
1248,30,28,1325,559,B,559,A-F13,1A-K13
1249,30,29,810,300,B,300,A-F3,1A-K3
1250,30,30,1751,985,A,985,A-E18,1A-J18
1251,30,31,1243,733,A,733,F-C29,1A-D25
1252,30,32,220,222,A,222,B-L7,1B-K5
1253,30,33,732,478,A,478,B-K6,1B-G1
1254,30,34,1750,984,A,984,F-D29,1A-G25
1255,30,35,1242,732,A,732,F-E29,1A-J26
1256,30,36,219,221,A,221,B-L8,1B-K6
1257,30,37,731,477,A,477,B-M8,1B-J6
1258,30,38,1749,983,A,983,F-A28,1A-A28
1259,30,39,1241,731,A,731,F-B28,1A-B28
1260,30,40,218,220,A,220,B-M9,1B-J7
1261,30,41,730,476,A,476,B-L6,1B-K4
1262,30,42,1748,982,A,982,F-C28,1A-D24
1263,30,43,1240,730,A,730,F-D28,1A-G24
1264,30,44,217,219,A,219,B-C9,1A-D5
1265,30,45,729,475,A,475,B-D9,1A-G5
1266,30,46,1747,981,A,981,F-E28,1A-K25
1267,30,47,1239,729,A,729,F-A27,1A-A27
1268,30,48,216,218,A,218,B-A9,1A-A9
1269,30,49,728,474,A,474,B-B9,1A-B9
1270,30,50,1746,980,A,980,F-B27,1A-B27
1271,31,1,932,422,B,422,A-H38,1B-C14
1272,31,2,420,166,B,166,E-L15,1B-K13
1273,31,3,1440,674,B,674,E-K15,1B-D10
1274,31,4,1948,926,B,926,A-M39,1B-H20
1275,31,5,931,421,B,421,A-L39,1B-H19
1276,31,6,419,165,B,165,E-A14,1A-A14
1277,31,7,1439,673,B,673,E-M15,1B-J13
1278,31,8,1947,925,B,925,A-K39,1B-C27
1279,31,9,930,420,B,420,A-J39,1B-D27
1280,31,10,418,164,B,164,E-K14,1B-D9
1281,31,11,1438,672,B,672,E-J14,1B-G9
1282,31,12,1946,924,B,924,A-H39,1B-C16
1283,31,13,929,419,B,419,A-M42,1B-H26
1284,31,14,417,163,B,163,E-G32,1B-C1
1285,31,15,1437,671,B,671,E-G35,1B-C7
1286,31,16,1945,923,B,923,A-M44,1B-H30
1287,31,17,928,418,B,418,A-M41,1B-H24
1288,31,18,416,162,B,162,E-G31,1B-A30
1289,31,19,1436,670,B,670,E-G34,1B-C5
1290,31,20,1375,609,B,609,A-M43,1B-H28
1291,31,21,1370,604,B,604,A-C17,1A-D13
1292,31,22,855,345,B,345,E-E11,1A-J11
1293,31,23,1359,593,B,593,A-D11,1A-G7
1294,31,24,1353,587,B,587,A-A7,1A-A7
1295,31,25,1347,581,B,581,A-F7,1A-K7
1296,31,26,1845,823,B,823,A-B1,1A-B1
1297,31,27,1839,817,B,817,A-F11,1A-K11
1298,31,28,1833,811,B,811,A-E1,1A-J1
1299,31,29,298,43,B,43,E-G6,1A-K17
1300,31,30,1822,800,B,800,A-G4,1A-K19
1301,31,31,1817,795,B,795,F-E32,1A-K28
1302,31,32,1248,738,A,738,B-M5,1B-J3
1303,31,33,225,227,A,227,B-L1,1B-E4
1304,31,34,737,483,A,483,F-A30,1A-A30
1305,31,35,1755,989,A,989,F-D31,1A-F27
1306,31,36,1247,737,A,737,B-M4,1B-K2
1307,31,37,224,226,A,226,B-M2,1B-K1
1308,31,38,736,482,A,482,F-C30,1A-D26
1309,31,39,1754,988,A,988,F-B30,1A-B30
1310,31,40,1246,736,A,736,B-M3,1B-J2
1311,31,41,223,225,A,225,B-M1,1B-J1
1312,31,42,735,481,A,481,F-F6,1A-K6
1313,31,43,1753,987,A,987,F-D30,1A-G26
1314,31,44,1245,735,A,735,B-M7,1B-J5
1315,31,45,222,224,A,224,B-M6,1B-J4
1316,31,46,734,480,A,480,F-E30,1A-K26
1317,31,47,1752,986,A,986,F-A29,1A-A29
1318,31,48,1244,734,A,734,B-K8,1B-F3
1319,31,49,221,223,A,223,B-K7,1B-F2
1320,31,50,733,479,A,479,F-B29,1A-B29
1321,32,1,1944,922,B,922,A-M40,1B-H22
1322,32,2,927,417,B,417,E-H32,1B-C2
1323,32,3,415,161,B,161,E-H35,1B-C8
1324,32,4,1435,669,B,669,A-L44,1B-H29
1325,32,5,1943,921,B,921,A-L42,1B-H25
1326,32,6,926,416,B,416,E-H31,1B-B30
1327,32,7,414,160,B,160,E-G33,1B-C3
1328,32,8,1434,668,B,668,A-L43,1B-H27
1329,32,9,1942,920,B,920,A-L40,1B-H21
1330,32,10,925,415,B,415,E-B32,1A-C4
1331,32,11,413,159,B,159,E-H34,1B-C6
1332,32,12,1433,667,B,667,A-K44,1B-G30
1333,32,13,1941,919,B,919,A-L41,1B-H23
1334,32,14,924,414,B,414,E-B31,1A-C2
1335,32,15,412,158,B,158,E-H33,1B-C4
1336,32,16,1432,666,B,666,A-K43,1B-G28
1337,32,17,1940,918,B,918,A-K42,1B-H6
1338,32,18,923,413,B,413,E-D30,1A-G26
1339,32,19,411,157,B,157,E-G15,1B-B14
1340,32,20,353,98,B,98,A-D19,1A-G15
1341,32,21,348,93,B,93,E-H13,1B-A12
1342,32,22,1872,850,B,850,E-M6,1B-J4
1343,32,23,337,82,B,82,E-G10,1B-B9
1344,32,24,331,76,B,76,A-E8,1A-J8
1345,32,25,325,70,B,70,E-E8,1A-J8
1346,32,26,828,318,B,318,E-E32,1A-K28
1347,32,27,822,312,B,312,A-C3,1A-D2
1348,32,28,816,306,B,306,E-H7,1B-A7
1349,32,29,1320,554,B,554,E-B20,1A-B20
1350,32,30,805,295,B,295,E-C18,1A-D14
1351,32,31,800,290,B,290,A-J1,1B-A1
1352,32,32,230,232,A,232,E-B2,1A-B2
1353,32,33,742,488,A,488,B-J1,1B-A1
1354,32,34,1760,994,A,994,F-B31,1A-C2
1355,32,35,1252,742,A,742,F-D33,1A-F29
1356,32,36,229,231,A,231,B-K4,1B-D1
1357,32,37,741,487,A,487,B-K3,1B-D2
1358,32,38,1759,993,A,993,F-J7,1B-G2
1359,32,39,1251,741,A,741,F-C32,1A-E28
1360,32,40,228,230,A,230,B-L4,1B-E1
1361,32,41,740,486,A,486,B-K2,1B-D3
1362,32,42,1758,992,A,992,F-C31,1A-E27
1363,32,43,1250,740,A,740,F-B32,1A-C4
1364,32,44,227,229,A,229,B-L5,1B-K3
1365,32,45,739,485,A,485,B-K1,1B-D4
1366,32,46,1757,991,A,991,F-E31,1A-K27
1367,32,47,1249,739,A,739,F-A31,1A-C1
1368,32,48,226,228,A,228,B-L3,1B-E2
1369,32,49,738,484,A,484,B-L2,1B-E3
1370,32,50,1756,990,A,990,F-K7,1B-F2
1371,33,2,1431,665,B,665,E-B34,1A-C8
1372,33,3,1939,917,B,917,A-J44,1B-G29
1373,33,4,922,412,B,412,A-K40,1B-H2
1374,33,5,410,156,B,156,E-F32,1A-J28
1375,33,6,1430,664,B,664,E-B33,1A-C6
1376,33,7,1938,916,B,916,A-J42,1B-H5
1377,33,8,921,411,B,411,A-K41,1B-H4
1378,33,9,409,155,B,155,E-F31,1A-J27
1379,33,10,1429,663,B,663,E-F34,1A-J30
1380,33,11,1937,915,B,915,A-J43,1B-G27
1381,33,12,920,410,B,410,A-J41,1B-H3
1382,33,13,408,154,B,154,E-E30,1A-K26
1383,33,14,1428,662,B,662,E-F33,1A-J29
1384,33,15,1936,914,B,914,A-H44,1B-C26
1385,33,16,919,409,B,409,A-J40,1B-H1
1386,33,17,407,153,B,153,E-H30,1B-B29
1387,33,18,362,107,B,107,E-F35,1A-H7
1388,33,19,870,360,B,360,E-M9,1B-J7
1389,33,20,865,355,B,355,E-F14,1A-K14
1390,33,21,860,350,B,350,E-M7,1B-J5
1391,33,22,1364,598,B,598,A-A11,1A-A11
1392,33,23,849,339,B,339,E-A4,1A-A4
1393,33,24,843,333,B,333,E-E36,1A-H10
1394,33,25,837,327,B,327,E-E34,1A-K30
1395,33,26,316,61,B,61,E-B29,1A-B29
1396,33,27,310,55,B,55,E-G7,1A-K16
1397,33,28,304,49,B,49,E-B23,1A-B23
1398,33,29,1828,806,B,806,A-E15,1A-J15
1399,33,30,293,38,B,38,E-B17,1A-B17
1400,33,31,288,33,B,33,E-B4,1A-B4
1401,33,32,283,28,B,28,E-D13,1A-G9
1402,33,33,791,281,B,281,B-H6,1B-B6
1403,33,34,234,236,A,236,B-H3,1B-B3
1404,33,35,746,492,A,492,F-A32,1A-C3
1405,33,36,1764,998,A,998,F-C34,1A-E30
1406,33,37,1256,746,A,746,B-H4,1B-B4
1407,33,38,233,235,A,235,B-H1,1B-B1
1408,33,39,745,491,A,491,F-G7,1A-K16
1409,33,40,1763,997,A,997,F-B33,1A-C6
1410,33,41,1255,745,A,745,B-J5,1B-A5
1411,33,42,232,234,A,234,B-J2,1B-A2
1412,33,43,744,490,A,490,F-D32,1A-F28
1413,33,44,1762,996,A,996,F-A33,1A-C5
1414,33,45,1254,744,A,744,B-J4,1B-A4
1415,33,46,231,233,A,233,B-J3,1B-A3
1416,33,47,743,489,A,489,F-H7,1B-A7
1417,33,48,1761,995,A,995,F-E33,1A-K29
1418,33,49,1253,743,A,743,B-K5,1B-F1
1419,34,2,1427,661,B,661,A-H42,1B-C22
1420,34,3,1935,913,B,913,A-H41,1B-C20
1421,34,4,918,408,B,408,E-D29,1A-G25
1422,34,5,406,152,B,152,E-G30,1B-A29
1423,34,6,1426,660,B,660,A-H43,1B-C24
1424,34,7,1934,912,B,912,A-H40,1B-C18
1425,34,8,917,407,B,407,E-E29,1A-J26
1426,34,9,405,151,B,151,E-B35,1A-C10
1427,34,10,1425,659,B,659,A-G44,1B-C25
1428,34,11,1933,911,B,911,A-G41,1B-C19
1429,34,12,916,406,B,406,E-H29,1B-B28
1430,34,13,404,150,B,150,E-G29,1B-A28
1431,34,14,1424,658,B,658,A-G42,1B-C21
1432,34,15,1932,910,B,910,A-G40,1B-C17
1433,34,16,915,405,B,405,E-D28,1A-G24
1434,34,17,403,149,B,149,E-G17,1B-B16
1435,34,18,874,364,B,364,E-G16,1B-B15
1436,34,19,1887,865,B,865,A-B19,1A-B19
1437,34,20,1882,860,B,860,E-M8,1B-J6
1438,34,21,1877,855,B,855,A-B14,1A-B14
1439,34,22,342,87,B,87,A-C14,1A-D10
1440,34,23,1866,844,B,844,A-D9,1A-G5
1441,34,24,1860,838,B,838,E-J3,1B-A3
1442,34,25,1854,832,B,832,A-D6,1A-G2
1443,34,26,1338,572,B,572,A-H5,1B-B5
1444,34,27,1332,566,B,566,E-B26,1A-B26
1445,34,28,1326,560,B,560,A-E13,1A-J13
1446,34,29,811,301,B,301,A-F2,1A-K2
1447,34,30,1315,549,B,549,A-G17,1B-B16
1448,34,31,1310,544,B,544,E-B14,1A-B14
1449,34,32,1305,539,B,539,A-G21,1B-B20
1450,34,33,279,24,B,24,E-E5,1A-J5
1451,34,34,238,240,A,240,E-E4,1A-J4
1452,34,35,750,496,A,496,B-G2,1A-K21
1453,34,36,1768,1002,A,1002,F-E34,1A-K30
1454,34,37,1260,750,A,750,F-B35,1A-C10
1455,34,38,237,239,A,239,B-G6,1A-K17
1456,34,39,749,495,A,495,B-G3,1A-K20
1457,34,40,1767,1001,A,1001,F-J8,1B-G3
1458,34,41,1259,749,A,749,F-A34,1A-C7
1459,34,42,236,238,A,238,B-G4,1A-K19
1460,34,43,748,494,A,494,B-G1,1A-K22
1461,34,44,1766,1000,A,1000,F-C33,1A-E29
1462,34,45,1258,748,A,748,F-E35,1A-H8
1463,34,46,235,237,A,237,B-H5,1B-B5
1464,34,47,747,493,A,493,B-H2,1B-B2
1465,34,48,1765,999,A,999,F-F7,1A-K7
1466,34,49,1257,747,A,747,F-D34,1A-F30
1467,35,2,1423,657,B,657,E-H36,1B-C10
1468,35,3,1931,909,B,909,A-G43,1B-C23
1469,35,4,914,404,B,404,A-F41,1A-H30
1470,35,5,402,148,B,148,E-E28,1A-K25
1471,35,6,1422,656,B,656,E-G28,1B-A27
1472,35,7,1930,908,B,908,A-F44,1A-H27
1473,35,8,913,403,B,403,A-F39,1A-H15
1474,35,9,401,147,B,147,E-H28,1B-B27
1475,35,10,1421,655,B,655,E-G36,1B-C9
1476,35,11,1929,907,B,907,A-F42,1A-H29
1477,35,12,912,402,B,402,A-F40,1A-H17
1478,35,13,400,146,B,146,E-D27,1A-G23
1479,35,14,1420,654,B,654,E-G27,1B-A26
1480,35,15,1928,906,B,906,A-F43,1A-H28
1481,35,16,1899,877,B,877,A-E41,1A-H19
1482,35,17,878,368,B,368,E-J10,1B-G5
1483,35,18,1891,869,B,869,E-A9,1A-A9
1484,35,19,1379,613,B,613,A-C22,1A-D18
1485,35,20,1374,608,B,608,A-A16,1A-A16
1486,35,21,1369,603,B,603,A-D16,1A-G12
1487,35,22,854,344,B,344,E-F11,1A-K11
1488,35,23,1358,592,B,592,A-C11,1A-D7
1489,35,24,1352,586,B,586,A-B7,1A-B7
1490,35,25,1346,580,B,580,A-F6,1A-K6
1491,35,26,1846,824,B,824,A-A4,1A-A4
1492,35,27,1840,818,B,818,A-E11,1A-J11
1493,35,28,1834,812,B,812,A-D4,1A-E1
1494,35,29,299,44,B,44,E-C21,1A-D17
1495,35,30,1823,801,B,801,A-G3,1A-K20
1496,35,31,1818,796,B,796,A-D20,1A-G16
1497,35,32,1813,791,B,791,A-K1,1B-D4
1498,35,33,1301,535,B,535,E-B11,1A-B11
1499,35,34,275,20,B,20,E-C10,1A-D6
1500,35,35,1293,527,B,527,F-D35,1A-C30
1501,35,36,1772,1006,A,1006,F-A36,1A-C11
1502,35,37,1264,754,A,754,B-F5,1A-K5
1503,35,38,241,243,A,243,B-F2,1A-K2
1504,35,39,753,499,A,499,F-G8,1A-K15
1505,35,40,1771,1005,A,1005,F-E36,1A-H10
1506,35,41,1263,753,A,753,B-F6,1A-K6
1507,35,42,240,242,A,242,B-F3,1A-K3
1508,35,43,752,498,A,498,F-B34,1A-C8
1509,35,44,1770,1004,A,1004,F-D36,1A-C29
1510,35,45,1262,752,A,752,B-F4,1A-K4
1511,35,46,239,241,A,241,B-F1,1A-K1
1512,35,47,751,497,A,497,F-H8,1B-B7
1513,35,48,1769,1003,A,1003,F-C35,1A-D30
1514,35,49,1261,751,A,751,B-G5,1A-K18
1515,36,3,911,401,B,401,E-E27,1A-J25
1516,36,4,399,145,B,145,E-F36,1A-H9
1517,36,5,1419,653,B,653,A-E44,1A-H25
1518,36,6,1927,905,B,905,A-E39,1A-H16
1519,36,7,910,400,B,400,E-H27,1B-B26
1520,36,8,398,144,B,144,E-E26,1A-K24
1521,36,9,1418,652,B,652,A-E42,1A-H21
1522,36,10,1926,904,B,904,A-E40,1A-H18
1523,36,11,909,399,B,399,E-D26,1A-G22
1524,36,12,397,143,B,143,E-B36,1A-C12
1525,36,13,1415,649,B,649,A-E43,1A-H23
1526,36,14,1925,903,B,903,A-D41,1A-H20
1527,36,15,908,398,B,398,E-M12,1B-J10
1528,36,16,1391,625,B,625,A-B25,1A-B25
1529,36,17,1895,873,B,873,A-B23,1A-B23
1530,36,18,1383,617,B,617,A-B21,1A-B21
1531,36,19,357,102,B,102,E-E15,1A-J15
1532,36,20,352,97,B,97,A-C19,1A-D15
1533,36,21,347,92,B,92,E-E12,1A-J12
1534,36,22,1871,849,B,849,E-A5,1A-A5
1535,36,23,336,81,B,81,E-H10,1B-A9
1536,36,24,330,75,B,75,A-E9,1A-J9
1537,36,25,324,69,B,69,E-H9,1B-A8
1538,36,26,829,319,B,319,E-E31,1A-K27
1539,36,27,823,313,B,313,A-C2,1A-D3
1540,36,28,817,307,B,307,E-C24,1A-D20
1541,36,29,1321,555,B,555,E-L37,1B-H15
1542,36,30,806,296,B,296,E-B5,1A-B5
1543,36,31,801,291,B,291,A-H4,1B-B4
1544,36,32,796,286,B,286,E-C3,1A-D2
1545,36,33,1809,787,B,787,A-D23,1A-G19
1546,36,34,1297,531,B,531,A-E24,1A-K23
1547,36,35,1801,779,B,779,A-G25,1B-A24
1548,36,36,757,503,A,503,E-D8,1A-G4
1549,36,37,1775,1009,A,1009,F-J9,1B-G4
1550,36,38,1267,757,A,757,F-J11,1B-G6
1551,36,39,244,246,A,246,B-E5,1A-J5
1552,36,40,756,502,A,502,B-E2,1A-J2
1553,36,41,1774,1008,A,1008,F-A35,1A-C9
1554,36,42,1266,756,A,756,F-J10,1B-G5
1555,36,43,243,245,A,245,B-E6,1A-J6
1556,36,44,755,501,A,501,B-E3,1A-J3
1557,36,45,1773,1007,A,1007,F-F8,1A-K8
1558,36,46,1265,755,A,755,F-B36,1A-C12
1559,36,47,242,244,A,244,B-E4,1A-J4
1560,36,48,754,500,A,500,B-E1,1A-J1
1561,37,3,396,142,B,142,E-G26,1B-A25
1562,37,4,1417,651,B,651,E-D25,1A-G21
1563,37,5,1924,902,B,902,A-D44,1A-H26
1564,37,6,907,397,B,397,A-D39,1A-H2
1565,37,7,395,141,B,141,E-H26,1B-B25
1566,37,8,1416,650,B,650,E-F37,1A-H11
1567,37,9,1923,901,B,901,A-D42,1A-H22
1568,37,10,906,396,B,396,A-D40,1A-H4
1569,37,11,394,140,B,140,E-E25,1A-J24
1570,37,12,1412,646,B,646,E-H25,1B-B24
1571,37,13,1922,900,B,900,A-D43,1A-H24
1572,37,14,1905,883,B,883,A-C41,1A-H5
1573,37,15,1902,880,B,880,A-A26,1A-A26
1574,37,16,369,114,B,114,A-A32,1A-C3
1575,37,17,1387,621,B,621,A-C30,1A-D26
1576,37,18,361,106,B,106,A-C26,1A-D22
1577,37,19,869,359,B,359,E-A8,1A-A8
1578,37,20,864,354,B,354,E-E13,1A-J13
1579,37,21,859,349,B,349,E-A6,1A-A6
1580,37,22,1363,597,B,597,A-B11,1A-B11
1581,37,23,848,338,B,338,E-J4,1B-A4
1582,37,24,842,332,B,332,E-C35,1A-D30
1583,37,25,836,326,B,326,E-C33,1A-E29
1584,37,26,317,62,B,62,E-C30,1A-D26
1585,37,27,311,56,B,56,E-C27,1A-D23
1586,37,28,305,50,B,50,E-K38,1B-C28
1587,37,29,1829,807,B,807,A-G14,1B-B13
1588,37,30,294,39,B,39,E-B18,1A-B18
1589,37,31,289,34,B,34,E-C4,1A-D1
1590,37,32,284,29,B,29,E-C13,1A-D9
1591,37,33,792,282,B,282,A-L1,1B-E4
1592,37,34,1805,783,B,783,A-M2,1B-K1
1593,37,35,784,274,B,274,A-J5,1B-A5
1594,37,36,1290,524,B,524,A-G26,1B-A25
1595,37,37,1287,521,B,521,F-F9,1A-K9
1596,37,38,1778,1012,A,1012,F-G11,1B-B10
1597,37,39,1270,760,A,760,B-D5,1A-G1
1598,37,40,247,249,A,249,B-D2,1A-E3
1599,37,41,759,505,A,505,F-H9,1B-A8
1600,37,42,1777,1011,A,1011,F-F10,1A-K10
1601,37,43,1269,759,A,759,B-D6,1A-G2
1602,37,44,246,248,A,248,B-D3,1A-E2
1603,37,45,758,504,A,504,F-C36,1A-D29
1604,37,46,1776,1010,A,1010,F-H10,1B-A9
1605,37,47,1268,758,A,758,B-D4,1A-E1
1606,37,48,245,247,A,247,B-D1,1A-E4
1607,38,4,905,395,B,395,E-G25,1B-A24
1608,38,5,393,139,B,139,E-D37,1A-C28
1609,38,6,1414,648,B,648,A-C44,1A-G29
1610,38,7,1921,899,B,899,A-C39,1A-H1
1611,38,8,904,394,B,394,E-D24,1A-G20
1612,38,9,392,138,B,138,E-G24,1B-A23
1613,38,10,1413,647,B,647,A-C42,1A-H6
1614,38,11,1920,898,B,898,A-C40,1A-H3
1615,38,12,903,393,B,393,E-E24,1A-K23
1616,38,13,391,137,B,137,E-G20,1B-B19
1617,38,14,1397,631,B,631,A-B28,1A-B28
1618,38,15,1394,628,B,628,A-A34,1A-C7
1619,38,16,881,371,B,371,E-E18,1A-J18
1620,38,17,365,110,B,110,E-E17,1A-J17
1621,38,18,873,363,B,363,E-E16,1A-J16
1622,38,19,1886,864,B,864,A-A18,1A-A18
1623,38,20,1881,859,B,859,E-A7,1A-A7
1624,38,21,1876,854,B,854,A-A13,1A-A13
1625,38,22,341,86,B,86,A-D13,1A-G9
1626,38,23,1865,843,B,843,A-A8,1A-A8
1627,38,24,1859,837,B,837,E-K3,1B-D2
1628,38,25,1853,831,B,831,A-A5,1A-A5
1629,38,26,1339,573,B,573,A-H6,1B-B6
1630,38,27,1333,567,B,567,E-H37,1B-C12
1631,38,28,1327,561,B,561,A-G12,1B-B11
1632,38,29,812,302,B,302,A-F1,1A-K1
1633,38,30,1316,550,B,550,A-E17,1A-J17
1634,38,31,1311,545,B,545,E-C15,1A-D11
1635,38,32,1306,540,B,540,A-E21,1A-J21
1636,38,33,280,25,B,25,E-A1,1A-A1
1637,38,34,788,278,B,278,E-C1,1A-D4
1638,38,35,272,17,B,17,E-E1,1A-J1
1639,38,36,1798,776,B,776,A-M5,1B-J3
1640,38,37,1795,773,B,773,A-G27,1B-A26
1641,38,38,250,252,A,252,E-G5,1A-K18
1642,38,39,762,508,A,508,B-C2,1A-D3
1643,38,40,1780,1014,A,1014,F-G9,1B-B8
1644,38,41,1272,762,A,762,F-H13,1B-A12
1645,38,42,249,251,A,251,B-C6,1A-F2
1646,38,43,761,507,A,507,B-C3,1A-D2
1647,38,44,1779,1013,A,1013,F-G10,1B-B9
1648,38,45,1271,761,A,761,F-H11,1B-A10
1649,38,46,248,250,A,250,B-C4,1A-D1
1650,38,47,760,506,A,506,B-C1,1A-D4
1651,39,4,1409,643,B,643,E-E37,1A-H12
1652,39,5,1919,897,B,897,A-C43,1A-G27
1653,39,6,902,392,B,392,A-B41,1A-C22
1654,39,7,390,136,B,136,E-H24,1B-B23
1655,39,8,1411,645,B,645,E-F38,1A-H13
1656,39,9,1918,896,B,896,A-B44,1A-G30
1657,39,10,901,391,B,391,A-B39,1A-C18
1658,39,11,389,135,B,135,E-D23,1A-G19
1659,39,12,380,125,B,125,E-E23,1A-J23
1660,39,13,890,380,B,380,E-M13,1B-J11
1661,39,14,375,120,B,120,A-C35,1A-D30
1662,39,15,372,117,B,117,E-D18,1A-G14
1663,39,16,1898,876,B,876,E-L11,1B-K9
1664,39,17,877,367,B,367,E-K10,1B-D5
1665,39,18,1890,868,B,868,E-J9,1B-G4
1666,39,19,1378,612,B,612,A-C23,1A-D19
1667,39,20,1373,607,B,607,A-B16,1A-B16
1668,39,21,1368,602,B,602,A-C16,1A-D12
1669,39,22,853,343,B,343,E-G11,1B-B10
1670,39,23,1357,591,B,591,A-D10,1A-G6
1671,39,24,1351,585,B,585,A-C7,1A-F3
1672,39,25,1345,579,B,579,A-F5,1A-K5
1673,39,26,1847,825,B,825,A-A3,1A-A3
1674,39,27,1841,819,B,819,A-G10,1B-B9
1675,39,28,1835,813,B,813,A-D3,1A-E2
1676,39,29,300,45,B,45,E-F6,1A-K6
1677,39,30,1824,802,B,802,A-G2,1A-K21
1678,39,31,1819,797,B,797,A-G19,1B-B18
1679,39,32,1814,792,B,792,A-J4,1B-A4
1680,39,33,1302,536,B,536,E-D12,1A-G8
1681,39,34,276,21,B,21,E-B10,1A-B10
1682,39,35,1294,528,B,528,E-C9,1A-D5
1683,39,36,781,271,B,271,E-F5,1A-K5
1684,39,37,778,268,B,268,A-L6,1B-K4
1685,39,38,263,8,B,8,E-D7,1A-G3
1686,39,39,773,263,B,263,B-B6,1A-B6
1687,39,40,252,254,A,254,B-B3,1A-B3
1688,39,41,764,510,A,510,F-F14,1A-K14
1689,39,42,1782,1016,A,1016,F-J12,1B-G7
1690,39,43,1274,764,A,764,B-B4,1A-B4
1691,39,44,251,253,A,253,B-B1,1A-B1
1692,39,45,763,509,A,509,F-F13,1A-K13
1693,39,46,1781,1015,A,1015,F-F11,1A-K11
1694,39,47,1273,763,A,763,B-C5,1A-F1
1695,40,5,1410,644,B,644,A-B42,1A-C24
1696,40,6,1917,895,B,895,A-B40,1A-C20
1697,40,7,900,390,B,390,E-G23,1B-A22
1698,40,8,388,134,B,134,E-D38,1A-C27
1699,40,9,1406,640,B,640,A-B43,1A-G28
1700,40,10,1916,894,B,894,A-A41,1A-C21
1701,40,11,899,389,B,389,E-A13,1A-A13
1702,40,12,892,382,B,382,E-D20,1A-G16
1703,40,13,1907,885,B,885,A-B29,1A-B29
1704,40,14,887,377,B,377,E-H20,1B-A19
1705,40,15,884,374,B,374,E-A11,1A-A11
1706,40,16,1390,624,B,624,A-A24,1A-A24
1707,40,17,1894,872,B,872,A-A22,1A-A22
1708,40,18,1382,616,B,616,A-A20,1A-A20
1709,40,19,356,101,B,101,E-E14,1A-J14
1710,40,20,351,96,B,96,A-D18,1A-G14
1711,40,21,346,91,B,91,E-F12,1A-K12
1712,40,22,1870,848,B,848,E-J5,1B-A5
1713,40,23,335,80,B,80,E-E9,1A-J9
1714,40,24,329,74,B,74,A-E6,1A-J6
1715,40,25,323,68,B,68,E-G8,1A-K15
1716,40,26,830,320,B,320,E-D33,1A-F29
1717,40,27,824,314,B,314,A-C1,1A-D4
1718,40,28,818,308,B,308,E-E7,1A-J7
1719,40,29,1322,556,B,556,E-B21,1A-B21
1720,40,30,807,297,B,297,E-C19,1A-D15
1721,40,31,802,292,B,292,A-H3,1B-B3
1722,40,32,797,287,B,287,E-D3,1A-E2
1723,40,33,1810,788,B,788,A-G22,1B-B21
1724,40,34,1298,532,B,532,A-D24,1A-G20
1725,40,35,1802,780,B,780,A-E25,1A-J24
1726,40,36,269,14,B,14,E-C8,1A-F4
1727,40,37,266,11,B,11,E-H1,1B-B1
1728,40,38,1285,519,B,519,A-E28,1A-K25
1729,40,39,261,6,B,6,E-G3,1A-K20
1730,40,40,766,512,A,512,E-C6,1A-F2
1731,40,41,1784,1018,A,1018,F-H14,1B-A13
1732,40,42,1276,766,A,766,F-G12,1B-B11
1733,40,43,253,255,A,255,B-B5,1A-B5
1734,40,44,765,511,A,511,B-B2,1A-B2
1735,40,45,1783,1017,A,1017,F-G15,1B-B14
1736,40,46,1275,765,A,765,F-H12,1B-A11
1737,41,6,387,133,B,133,E-H23,1B-B22
1738,41,7,1408,642,B,642,E-E38,1A-H14
1739,41,8,1915,893,B,893,A-A44,1A-C26
1740,41,9,898,388,B,388,A-A39,1A-C17
1741,41,10,895,385,B,385,E-E22,1A-J22
1742,41,11,1911,889,B,889,A-B31,1A-C2
1743,41,12,1909,887,B,887,E-K13,1B-D8
1744,41,13,1399,633,B,633,A-A35,1A-C9
1745,41,14,1904,882,B,882,E-K12,1B-D7
1746,41,15,1901,879,B,879,A-B26,1A-B26
1747,41,16,368,113,B,113,A-B33,1A-C6
1748,41,17,1386,620,B,620,A-C31,1A-E27
1749,41,18,360,105,B,105,A-C27,1A-D23
1750,41,19,868,358,B,358,E-J8,1B-G3
1751,41,20,863,353,B,353,E-H14,1B-A13
1752,41,21,858,348,B,348,E-J6,1B-A6
1753,41,22,1362,596,B,596,A-A10,1A-A10
1754,41,23,847,337,B,337,E-K4,1B-D1
1755,41,24,841,331,B,331,E-D35,1A-C30
1756,41,25,835,325,B,325,E-G9,1B-B8
1757,41,26,318,63,B,63,E-D31,1A-F27
1758,41,27,312,57,B,57,E-C29,1A-D25
1759,41,28,306,51,B,51,E-B24,1A-B24
1760,41,29,1830,808,B,808,A-F14,1A-K14
1761,41,30,295,40,B,40,E-M37,1B-H16
1762,41,31,290,35,B,35,E-D5,1A-G1
1763,41,32,285,30,B,30,E-B13,1A-B13
1764,41,33,793,283,B,283,A-K4,1B-D1
1765,41,34,1806,784,B,784,A-M1,1B-J1
1766,41,35,785,275,B,275,A-M4,1B-K2
1767,41,36,1291,525,B,525,A-E26,1A-K24
1768,41,37,1288,522,B,522,E-F2,1A-K2
1769,41,38,1793,771,B,771,A-J7,1B-G2
1770,41,39,1283,517,B,517,E-B6,1A-B6
1771,41,40,1281,515,B,515,A-G29,1B-A28
1772,41,41,258,3,B,3,B-A3,1A-A3
1773,41,42,767,513,A,513,F-G14,1B-B13
1774,41,43,1785,1019,A,1019,F-F12,1A-K12
1775,41,44,1277,767,A,767,B-A4,1A-A4
1776,41,45,254,256,A,256,B-A1,1A-A1
1777,42,6,386,132,B,132,E-D22,1A-G18
1778,42,7,1407,641,B,641,A-A42,1A-C23
1779,42,8,1914,892,B,892,A-A40,1A-C19
1780,42,9,897,387,B,387,E-L14,1B-K12
1781,42,10,1912,890,B,890,E-M14,1B-J12
1782,42,11,1405,639,B,639,A-C37,1A-D28
1783,42,12,1401,635,B,635,A-B30,1A-B30
1784,42,13,377,122,B,122,E-E20,1A-J20
1785,42,14,1396,630,B,630,A-A27,1A-A27
1786,42,15,1393,627,B,627,A-A33,1A-C5
1787,42,16,880,370,B,370,E-D17,1A-G13
1788,42,17,364,109,B,109,E-D16,1A-G12
1789,42,18,872,362,B,362,E-D15,1A-G11
1790,42,19,1885,863,B,863,A-B18,1A-B18
1791,42,20,1880,858,B,858,E-J7,1B-G2
1792,42,21,1875,853,B,853,A-B13,1A-B13
1793,42,22,340,85,B,85,A-C13,1A-D9
1794,42,23,1864,842,B,842,A-B8,1A-B8
1795,42,24,1858,836,B,836,E-L3,1B-E2
1796,42,25,1852,830,B,830,A-B5,1A-B5
1797,42,26,1340,574,B,574,A-H7,1B-A7
1798,42,27,1334,568,B,568,E-H38,1B-C14
1799,42,28,1328,562,B,562,A-F12,1A-K12
1800,42,29,813,303,B,303,A-E4,1A-J4
1801,42,30,1317,551,B,551,A-G16,1B-B15
1802,42,31,1312,546,B,546,E-B15,1A-B15
1803,42,32,1307,541,B,541,A-D21,1A-G17
1804,42,33,281,26,B,26,E-C2,1A-D3
1805,42,34,789,279,B,279,E-D2,1A-E3
1806,42,35,273,18,B,18,E-E3,1A-J3
1807,42,36,1799,777,B,777,A-L5,1B-K3
1808,42,37,1796,774,B,774,A-E27,1A-J25
1809,42,38,776,266,B,266,E-J1,1B-A1
1810,42,39,1791,1025,A,1025,A-D29,1A-G25
1811,42,40,1789,1023,A,1023,A-J8,1B-G3
1812,42,41,1280,770,A,770,E-H2,1B-B2
1813,42,42,768,514,A,514,E-D6,1A-G2
1814,42,43,1786,1020,A,1020,F-J14,1B-G9
1815,42,44,1278,768,A,768,F-J13,1B-G8
1816,42,45,255,257,A,257,B-A6,1A-A6
1817,43,7,385,131,B,131,E-G22,1B-B21
1818,43,8,384,129,B,129,E-D39,1A-H2
1819,43,9,1913,891,B,891,A-B32,1A-C4
1820,43,10,1403,637,B,637,A-A31,1A-C1
1821,43,11,381,126,B,126,E-E21,1A-J21
1822,43,12,379,124,B,124,A-B36,1A-C12
1823,43,13,889,379,B,379,E-A12,1A-A12
1824,43,14,374,119,B,119,A-B35,1A-C10
1825,43,15,371,116,B,116,E-H19,1B-A18
1826,43,16,1897,875,B,875,E-M11,1B-J9
1827,43,17,876,366,B,366,E-L10,1B-K8
1828,43,18,1889,867,B,867,E-K9,1B-F4
1829,43,19,1377,611,B,611,A-C20,1A-D16
1830,43,20,1372,606,B,606,A-A15,1A-A15
1831,43,21,1367,601,B,601,A-D15,1A-G11
1832,43,22,852,342,B,342,E-H11,1B-A10
1833,43,23,1356,590,B,590,A-C10,1A-D6
1834,43,24,1350,584,B,584,A-D7,1A-G3
1835,43,25,1344,578,B,578,A-G7,1A-K16
1836,43,26,1848,826,B,826,A-A2,1A-A2
1837,43,27,1842,820,B,820,A-F10,1A-K10
1838,43,28,1836,814,B,814,A-D2,1A-E3
1839,43,29,301,46,B,46,E-C22,1A-D18
1840,43,30,1825,803,B,803,A-G1,1A-K22
1841,43,31,1820,798,B,798,A-E19,1A-J19
1842,43,32,1815,793,B,793,A-J3,1B-A3
1843,43,33,1303,537,B,537,E-C12,1A-D8
1844,43,34,277,22,B,22,E-D11,1A-G7
1845,43,35,1295,529,B,529,E-B9,1A-B9
1846,43,36,782,272,B,272,E-F1,1A-K1
1847,43,37,779,269,B,269,A-K6,1B-G1
1848,43,38,264,9,B,9,E-G4,1A-K19
1849,43,39,774,264,B,264,A-L7,1B-K5
1850,43,40,772,262,B,262,E-L1,1B-E4
1851,43,41,1788,1022,A,1022,A-D30,1A-G26
1852,43,42,1279,769,A,769,A-E30,1A-K26
1853,43,43,769,259,B,259,B-A5,1A-A5
1854,43,44,256,258,A,258,B-A2,1A-A2
1855,44,8,896,386,B,386,E-D21,1A-G17
1856,44,9,1404,638,B,638,A-A37,1A-C13
1857,44,10,382,127,B,127,A-B38,1A-C16
1858,44,11,893,383,B,383,E-J13,1B-G8
1859,44,12,891,381,B,381,E-H21,1B-A20
1860,44,13,1906,884,B,884,A-A28,1A-A28
1861,44,14,886,376,B,376,E-G19,1B-B18
1862,44,15,883,373,B,373,E-J11,1B-G6
1863,44,16,1389,623,B,623,A-B24,1A-B24
1864,44,17,1893,871,B,871,A-B22,1A-B22
1865,44,18,1381,615,B,615,A-B20,1A-B20
1866,44,19,355,100,B,100,E-H15,1B-A14
1867,44,20,350,95,B,95,A-C18,1A-D14
1868,44,21,345,90,B,90,E-G12,1B-B11
1869,44,22,1869,847,B,847,E-K5,1B-F1
1870,44,23,334,79,B,79,E-F9,1A-K9
1871,44,24,328,73,B,73,A-E7,1A-J7
1872,44,25,322,67,B,67,E-H8,1B-B7
1873,44,26,831,321,B,321,E-E33,1A-K29
1874,44,27,825,315,B,315,A-B4,1A-B4
1875,44,28,819,309,B,309,E-C25,1A-D21
1876,44,29,1323,557,B,557,E-L38,1B-H17
1877,44,30,808,298,B,298,E-H6,1B-B6
1878,44,31,803,293,B,293,A-H2,1B-B2
1879,44,32,798,288,B,288,E-D4,1A-E1
1880,44,33,1811,789,B,789,A-E22,1A-J22
1881,44,34,1299,533,B,533,A-G23,1B-A22
1882,44,35,1803,781,B,781,A-D25,1A-G21
1883,44,36,270,15,B,15,E-B8,1A-B8
1884,44,37,267,12,B,12,E-F4,1A-K4
1885,44,38,1286,520,B,520,A-D28,1A-G24
1886,44,39,262,7,B,7,E-K1,1B-D4
1887,44,40,260,5,B,5,E-H4,1B-B4
1888,44,41,771,261,B,261,A-K8,1B-F3
1889,44,42,1787,1021,A,1021,A-L8,1B-K6
1890,44,43,257,2,B,2,E-H3,1B-B3
1891,45,9,383,128,B,128,E-H22,1B-A21
1892,45,10,894,384,B,384,E-G21,1B-B20
1893,45,11,1910,888,B,888,A-A30,1A-A30
1894,45,12,1908,886,B,886,E-L13,1B-K11
1895,45,13,1398,632,B,632,A-C36,1A-D29
1896,45,14,1903,881,B,881,E-L12,1B-K10
1897,45,15,1900,878,B,878,A-A25,1A-A25
1898,45,16,367,112,B,112,A-C32,1A-E28
1899,45,17,1385,619,B,619,A-C28,1A-D24
1900,45,18,359,104,B,104,A-C24,1A-D20
1901,45,19,867,357,B,357,E-K8,1B-F3
1902,45,20,862,352,B,352,E-G13,1B-B12
1903,45,21,857,347,B,347,E-K6,1B-G1
1904,45,22,1361,595,B,595,A-B10,1A-B10
1905,45,23,846,336,B,336,E-L4,1B-E1
1906,45,24,840,330,B,330,E-E35,1A-H8
1907,45,25,834,324,B,324,E-F8,1A-K8
1908,45,26,319,64,B,64,E-C31,1A-E27
1909,45,27,313,58,B,58,E-B28,1A-B28
1910,45,28,307,52,B,52,E-J37,1B-D29
1911,45,29,1831,809,B,809,A-E14,1A-J14
1912,45,30,296,41,B,41,E-B19,1A-B19
1913,45,31,291,36,B,36,E-B16,1A-B16
1914,45,32,286,31,B,31,E-D14,1A-G10
1915,45,33,794,284,B,284,A-K3,1B-D2
1916,45,34,1807,785,B,785,A-L3,1B-E2
1917,45,35,786,276,B,276,A-L4,1B-E1
1918,45,36,1292,526,B,526,A-D26,1A-G22
1919,45,37,1289,523,B,523,E-B7,1A-B7
1920,45,38,1794,772,B,772,A-M6,1B-J4
1921,45,39,1284,518,B,518,E-G2,1A-K21
1922,45,40,1282,516,B,516,A-E29,1A-J26
1923,45,41,259,4,B,4,E-H5,1B-B5
1924,45,42,770,260,B,260,E-M1,1B-J1
1925,46,11,1402,636,B,636,A-B37,1A-C14
1926,46,12,1400,634,B,634,A-A29,1A-A29
1927,46,13,376,121,B,121,E-D19,1A-G15
1928,46,14,1395,629,B,629,A-B27,1A-B27
1929,46,15,1392,626,B,626,A-C34,1A-E30
1930,46,16,879,369,B,369,E-H18,1B-A17
1931,46,17,363,108,B,108,E-H17,1B-A16
1932,46,18,871,361,B,361,E-H16,1B-A15
1933,46,19,1884,862,B,862,A-A17,1A-A17
1934,46,20,1879,857,B,857,E-K7,1B-F2
1935,46,21,1874,852,B,852,A-A12,1A-A12
1936,46,22,339,84,B,84,A-D12,1A-G8
1937,46,23,1863,841,B,841,A-C8,1A-F4
1938,46,24,1857,835,B,835,E-M3,1B-J2
1939,46,25,1851,829,B,829,A-C5,1A-F1
1940,46,26,1341,575,B,575,A-G8,1A-K15
1941,46,27,1335,569,B,569,E-B27,1A-B27
1942,46,28,1329,563,B,563,A-E12,1A-J12
1943,46,29,814,304,B,304,A-E3,1A-J3
1944,46,30,1318,552,B,552,A-E16,1A-J16
1945,46,31,1313,547,B,547,E-C16,1A-D12
1946,46,32,1308,542,B,542,A-G20,1B-B19
1947,46,33,282,27,B,27,E-B1,1A-B1
1948,46,34,790,280,B,280,E-M2,1B-K1
1949,46,35,274,19,B,19,E-D1,1A-E4
1950,46,36,1800,778,B,778,A-K5,1B-F1
1951,46,37,1797,775,B,775,A-D27,1A-G23
1952,46,38,777,267,B,267,E-F3,1A-K3
1953,46,39,1792,1026,A,1026,A-G28,1B-A27
1954,46,40,1790,1024,A,1024,A-M7,1B-J5
1955,47,12,378,123,B,123,A-A36,1A-C11
1956,47,13,888,378,B,378,E-J12,1B-G7
1957,47,14,373,118,B,118,A-B34,1A-C8
1958,47,15,370,115,B,115,E-G18,1B-B17
1959,47,16,1896,874,B,874,E-A10,1A-A10
1960,47,17,875,365,B,365,E-M10,1B-J8
1961,47,18,1888,866,B,866,E-L9,1B-K7
1962,47,19,1376,610,B,610,A-C21,1A-D17
1963,47,20,1371,605,B,605,A-B15,1A-B15
1964,47,21,1366,600,B,600,A-C15,1A-D11
1965,47,22,851,341,B,341,E-E10,1A-J10
1966,47,23,1355,589,B,589,A-E10,1A-J10
1967,47,24,1349,583,B,583,A-A6,1A-A6
1968,47,25,1343,577,B,577,A-G6,1A-K17
1969,47,26,1849,827,B,827,A-A1,1A-A1
1970,47,27,1843,821,B,821,A-G9,1B-B8
1971,47,28,1837,815,B,815,A-D1,1A-E4
1972,47,29,302,47,B,47,E-E6,1A-J6
1973,47,30,1826,804,B,804,A-F4,1A-K4
1974,47,31,1821,799,B,799,A-G18,1B-B17
1975,47,32,1816,794,B,794,A-J2,1B-A2
1976,47,33,1304,538,B,538,E-B12,1A-B12
1977,47,34,278,23,B,23,E-C11,1A-D7
1978,47,35,1296,530,B,530,E-D10,1A-G6
1979,47,36,783,273,B,273,E-E2,1A-J2
1980,47,37,780,270,B,270,A-J6,1B-A6
1981,47,38,265,10,B,10,E-C7,1A-F3
1982,47,39,775,265,B,265,A-K7,1B-F2
1983,48,14,885,375,B,375,E-E19,1A-J19
1984,48,15,882,372,B,372,E-K11,1B-D6
1985,48,16,1388,622,B,622,A-A23,1A-A23
1986,48,17,1892,870,B,870,A-A21,1A-A21
1987,48,18,1380,614,B,614,A-A19,1A-A19
1988,48,19,354,99,B,99,E-G14,1B-B13
1989,48,20,349,94,B,94,A-D17,1A-G13
1990,48,21,344,89,B,89,E-H12,1B-A11
1991,48,22,1868,846,B,846,E-L5,1B-K3
1992,48,23,333,78,B,78,E-C36,1A-D29
1993,48,24,327,72,B,72,A-E5,1A-J5
1994,48,25,321,66,B,66,E-C32,1A-E28
1995,48,26,832,322,B,322,E-L2,1B-E3
1996,48,27,826,316,B,316,A-B3,1A-B3
1997,48,28,820,310,B,310,E-F7,1A-K7
1998,48,29,1324,558,B,558,E-B22,1A-B22
1999,48,30,809,299,B,299,E-C20,1A-D16
2000,48,31,804,294,B,294,A-H1,1B-B1
2001,48,32,799,289,B,289,E-B3,1A-B3
2002,48,33,1812,790,B,790,A-D22,1A-G18
2003,48,34,1300,534,B,534,A-E23,1A-J23
2004,48,35,1804,782,B,782,A-G24,1B-A23
2005,48,36,271,16,B,16,E-D9,1A-G5
2006,48,37,268,13,B,13,E-G1,1A-K22
2007,49,16,366,111,B,111,A-C33,1A-E29
2008,49,17,1384,618,B,618,A-C29,1A-D25
2009,49,18,358,103,B,103,A-C25,1A-D21
2010,49,19,866,356,B,356,E-L8,1B-K6
2011,49,20,861,351,B,351,E-F13,1A-K13
2012,49,21,856,346,B,346,E-L6,1B-K4
2013,49,22,1360,594,B,594,A-A9,1A-A9
2014,49,23,845,335,B,335,E-M4,1B-K2
2015,49,24,839,329,B,329,E-C34,1A-E30
2016,49,25,833,323,B,323,E-K2,1B-D3
2017,49,26,320,65,B,65,E-D32,1A-F28
2018,49,27,314,59,B,59,E-B30,1A-B30
2019,49,28,308,53,B,53,E-B25,1A-B25
2020,49,29,1832,810,B,810,A-G13,1B-B12
2021,49,30,297,42,B,42,E-M38,1B-H18
2022,49,31,292,37,B,37,E-C5,1A-F1
2023,49,32,287,32,B,32,E-C14,1A-D10
2024,49,33,795,285,B,285,A-K2,1B-D3
2025,49,34,1808,786,B,786,A-L2,1B-E3
2026,49,35,787,277,B,277,A-M3,1B-J2
2027,50,19,1883,861,B,861,A-B17,1A-B17
2028,50,20,1878,856,B,856,E-L7,1B-K5
2029,50,21,1873,851,B,851,A-B12,1A-B12
2030,50,22,338,83,B,83,A-C12,1A-D8
2031,50,23,1862,840,B,840,A-D8,1A-G4
2032,50,24,1856,834,B,834,E-A2,1A-A2
2033,50,25,1850,828,B,828,A-D5,1A-G1
2034,50,26,1342,576,B,576,A-G5,1A-K18
2035,50,27,1336,570,B,570,E-C28,1A-D24
2036,50,28,1330,564,B,564,A-G11,1B-B10
2037,50,29,815,305,B,305,A-E2,1A-J2
2038,50,30,1319,553,B,553,A-G15,1B-B14
2039,50,31,1314,548,B,548,E-C17,1A-D13
2040,50,32,1309,543,B,543,A-E20,1A-J20